trackingnumber,invoice_date,zone,weight_lbs,base_charge,performance_pricing,final_base_charge
391310011845,2025-07-31,2,1,11.32,-3.25,8.07
391310565713,2025-07-31,2,1,11.32,-3.25,8.07
391357212179,2025-07-31,2,1,11.32,-3.25,8.07
391393663845,2025-07-31,2,1,11.32,-3.25,8.07
391666182602,2025-08-12,2,1,11.32,-3.25,8.07
391666282178,2025-08-12,2,1,11.32,-3.25,8.07
391742972539,2025-08-12,2,1,11.32,-3.25,8.07
391743485531,2025-08-12,2,1,11.32,-3.25,8.07
391835982092,2025-08-12,2,1,11.32,-3.25,8.07
391915987257,2025-08-21,2,1,11.32,-3.25,8.07
391927282422,2025-08-21,2,2,12.08,-4.01,8.07
392031567789,2025-08-21,2,2,12.08,-4.01,8.07
392033410459,2025-08-21,2,2,12.08,-4.01,8.07
392037567982,2025-08-21,2,2,12.08,-4.01,8.07
392039923369,2025-08-21,2,2,12.08,-4.01,8.07
392047118150,2025-08-21,2,2,12.08,-4.01,8.07
392091039931,2025-08-21,2,2,12.08,-4.01,8.07
392091462551,2025-08-21,2,2,12.08,-4.01,8.07
392094048854,2025-08-21,2,2,12.08,-4.01,8.07
392136525743,2025-08-21,2,2,12.08,-4.01,8.07
390333052405,2025-07-03,2,3,12.57,-4.5,8.07
390333782289,2025-07-03,2,3,12.57,-4.5,8.07
390334065673,2025-07-03,2,3,12.57,-4.5,8.07
390335834823,2025-07-03,2,3,12.57,-4.5,8.07
392006005890,2025-08-21,2,3,12.57,-4.5,8.07
392039767432,2025-08-21,2,3,12.57,-4.5,8.07
392076911315,2025-08-21,2,3,12.57,-4.5,8.07
392077055224,2025-08-21,2,3,12.57,-4.5,8.07
392136341869,2025-08-21,2,3,12.57,-4.5,8.07
393636720107,2025-10-07,2,3,12.57,-4.5,8.07
390413571450,2025-07-03,2,4,12.94,-4.87,8.07
391263154896,2025-07-31,2,4,12.94,-4.87,8.07
391269480856,2025-07-31,2,4,12.94,-4.87,8.07
391296324490,2025-07-31,2,4,12.94,-4.87,8.07
391315070033,2025-07-31,2,4,12.94,-4.87,8.07
391344378679,2025-07-31,2,4,12.94,-4.87,8.07
391353123741,2025-07-31,2,4,12.94,-4.87,8.07
391356580715,2025-07-31,2,4,12.94,-4.87,8.07
391376631490,2025-07-31,2,4,12.94,-4.87,8.07
392158873873,2025-08-21,2,4,12.94,-4.87,8.07
390172884047,2025-07-03,2,5,13.29,-5.11,8.18
390267069564,2025-07-03,2,5,13.29,-5.11,8.18
390273490934,2025-07-03,2,5,13.29,-5.11,8.18
390282961720,2025-07-03,2,5,13.29,-5.11,8.18
392032884959,2025-08-21,2,5,13.29,-5.12,8.17
392040077975,2025-08-21,2,5,13.29,-5.12,8.17
392044678470,2025-08-21,2,5,13.29,-5.12,8.17
392090222464,2025-08-21,2,5,13.29,-5.12,8.17
392131350703,2025-08-21,2,5,13.29,-5.12,8.17
393755476772,2025-10-07,2,5,13.29,-5.12,8.17
390271299418,2025-07-03,2,6,13.39,-5.32,8.07
390335551585,2025-07-03,2,6,13.39,-5.32,8.07
390362082415,2025-07-03,2,6,13.39,-5.32,8.07
390367771268,2025-07-03,2,6,13.39,-5.32,8.07
390369753125,2025-07-03,2,6,13.39,-5.32,8.07
390406541444,2025-07-03,2,6,13.39,-5.32,8.07
390422589537,2025-07-03,2,6,13.39,-5.32,8.07
391334087354,2025-07-31,2,6,13.39,-5.32,8.07
391339147540,2025-07-31,2,6,13.39,-5.32,8.07
393700826603,2025-10-07,2,6,13.39,-5.32,8.07
390200379416,2025-07-03,2,7,14.15,-5.73,8.42
390269887970,2025-07-03,2,7,14.15,-5.73,8.42
390271236836,2025-07-03,2,7,14.15,-5.73,8.42
390272878743,2025-07-03,2,7,14.15,-5.73,8.42
390291074101,2025-07-03,2,7,14.15,-5.73,8.42
391155768199,2025-07-31,2,7,14.15,-5.72,8.43
392002843100,2025-08-21,2,7,14.15,-5.73,8.42
392071958105,2025-08-21,2,7,14.15,-5.73,8.42
392077696356,2025-08-21,2,7,14.15,-5.73,8.42
393716151074,2025-10-07,2,7,14.15,-5.73,8.42
390214732301,2025-07-03,2,8,14.56,-5.9,8.66
390217458265,2025-07-03,2,8,14.56,-5.9,8.66
390220209224,2025-07-03,2,8,14.56,-5.9,8.66
390370669732,2025-07-03,2,8,14.56,-5.9,8.66
390376509217,2025-07-03,2,8,14.56,-5.9,8.66
390377746007,2025-07-03,2,8,14.56,-5.9,8.66
390459205978,2025-07-03,2,8,14.56,-5.9,8.66
391269625516,2025-07-31,2,8,14.56,-5.89,8.67
391271226772,2025-07-31,2,8,14.56,-5.89,8.67
392123630804,2025-08-21,2,8,14.56,-5.9,8.66
390658775050,2025-07-17,2,9,14.78,-5.98,8.8
390827031872,2025-07-15,2,9,14.78,-5.99,8.79
390872087352,2025-07-15,2,9,14.78,-5.99,8.79
390873782231,2025-07-15,2,9,14.78,-5.99,8.79
390903877882,2025-07-17,2,9,14.78,-5.99,8.79
391721389702,2025-08-12,2,9,14.78,-5.99,8.79
391744823931,2025-08-19,2,9,14.78,-5.99,8.79
391904411755,2025-08-12,2,9,14.78,-5.99,8.79
392020457446,2025-08-19,2,9,14.78,-5.98,8.8
393713867614,2025-10-07,2,9,14.78,-5.98,8.8
390213903142,2025-07-03,2,10,14.98,-6.06,8.92
390319648736,2025-07-03,2,10,14.98,-6.06,8.92
390335481655,2025-07-03,2,10,14.98,-6.06,8.92
390365418483,2025-07-03,2,10,14.98,-6.06,8.92
390367340305,2025-07-03,2,10,14.98,-6.06,8.92
390419644619,2025-07-03,2,10,14.98,-6.06,8.92
391188951764,2025-07-31,2,10,14.98,-6.06,8.92
391390530690,2025-07-31,2,10,14.98,-6.06,8.92
392031319564,2025-08-21,2,10,14.98,-6.06,8.92
393839863324,2025-10-07,2,10,14.98,-6.06,8.92
390266617475,2025-07-03,2,11,15.92,-6.93,8.99
390275890011,2025-07-03,2,11,15.92,-6.93,8.99
390367252534,2025-07-03,2,11,15.92,-6.93,8.99
390378228971,2025-07-03,2,11,15.92,-6.93,8.99
390422622930,2025-07-03,2,11,15.92,-6.93,8.99
390641716983,2025-07-15,2,11,15.92,-6.93,8.99
390748231314,2025-07-17,2,11,15.92,-6.93,8.99
390751568316,2025-07-17,2,11,15.92,-6.93,8.99
391829799031,2025-08-12,2,11,15.92,-6.92,9.0
392133550675,2025-08-21,2,11,15.92,-6.92,9.0
390661784257,2025-07-17,2,12,16.18,-7.03,9.15
390778239410,2025-07-15,2,12,16.18,-7.04,9.14
390790332339,2025-07-15,2,12,16.18,-7.04,9.14
390791113275,2025-07-15,2,12,16.18,-7.04,9.14
390794002609,2025-07-15,2,12,16.18,-7.04,9.14
390828190355,2025-07-15,2,12,16.18,-7.04,9.14
390916757487,2025-07-15,2,12,16.18,-7.04,9.14
391357581144,2025-07-31,2,12,16.18,-7.04,9.14
391820563884,2025-08-12,2,12,16.18,-7.04,9.14
393843255469,2025-10-07,2,12,16.18,-7.03,9.15
390642813078,2025-07-08,2,13,16.19,-7.04,9.15
390921385018,2025-07-22,2,13,16.19,-7.04,9.15
391123930162,2025-07-22,2,13,16.19,-7.04,9.15
391497846548,2025-08-05,2,13,16.19,-7.04,9.15
391577249920,2025-08-05,2,13,16.19,-7.04,9.15
392404709263,2025-09-02,2,13,16.19,-7.04,9.15
395225835850,2025-11-25,2,13,16.19,-7.04,9.15
396344749930,2025-12-18,2,13,16.19,-7.04,9.15
396358283011,2025-12-18,2,13,16.19,-7.04,9.15
396615695103,2025-12-23,2,13,16.19,-7.04,9.15
390448020357,2025-07-10,2,14,16.86,-7.33,9.53
390531884335,2025-07-10,2,14,16.86,-7.33,9.53
390537408135,2025-07-10,2,14,16.86,-7.33,9.53
390719421941,2025-07-15,2,14,16.86,-7.33,9.53
390985103918,2025-07-22,2,14,16.86,-7.33,9.53
392008854220,2025-08-21,2,14,16.86,-7.33,9.53
392020092859,2025-08-19,2,14,16.86,-7.33,9.53
393133677898,2025-09-16,2,14,16.86,-7.33,9.53
394731809190,2025-11-06,2,14,16.86,-7.33,9.53
395418932300,2025-11-25,2,14,16.86,-7.33,9.53
390445461017,2025-07-10,2,15,16.87,-7.34,9.53
390602871927,2025-07-08,2,15,16.87,-7.34,9.53
390664655923,2025-07-17,2,15,16.87,-7.34,9.53
390944715756,2025-07-17,2,15,16.87,-7.33,9.54
390499872552,2025-07-08,2,16,17.3,-7.52,9.78
390521034588,2025-07-08,2,16,17.3,-7.52,9.78
390662550606,2025-07-17,2,16,17.3,-7.52,9.78
390791771940,2025-07-15,2,16,17.3,-7.52,9.78
392215682596,2025-08-26,2,16,17.3,-7.52,9.78
392815169499,2025-09-11,2,16,17.3,-7.52,9.78
393122311513,2025-09-23,2,16,17.3,-7.52,9.78
393931970180,2025-10-14,2,16,17.3,-7.52,9.78
395578127682,2025-12-04,2,16,17.3,-7.52,9.78
396299626491,2025-12-23,2,16,17.3,-7.52,9.78
390294346819,2025-07-03,2,17,17.42,-7.58,9.84
390294395758,2025-07-03,2,17,17.42,-7.58,9.84
391597757008,2025-08-07,2,17,17.42,-7.58,9.84
391796050882,2025-08-14,2,17,17.42,-7.58,9.84
391860793382,2025-08-12,2,17,17.42,-7.58,9.84
392918589004,2025-09-18,2,17,17.42,-7.58,9.84
395352365032,2025-11-25,2,17,17.42,-7.58,9.84
390869582450,2025-07-15,2,18,17.6,-7.66,9.94
393325497516,2025-09-25,2,18,17.6,-7.65,9.95
390448210605,2025-07-01,2,19,18.08,-7.86,10.22
391526307514,2025-08-05,2,19,18.08,-7.87,10.21
391657599431,2025-08-05,2,19,18.08,-7.87,10.21
391869435654,2025-08-12,2,19,18.08,-7.87,10.21
392110863455,2025-08-19,2,19,18.08,-7.86,10.22
395061621439,2025-11-18,2,19,18.08,-7.86,10.22
395667000862,2025-12-02,2,19,18.08,-7.86,10.22
395709805833,2025-12-02,2,19,18.08,-7.86,10.22
396354013805,2025-12-18,2,19,18.08,-7.86,10.22
390310645968,2025-07-01,2,20,18.21,-7.92,10.29
390312171699,2025-07-01,2,20,18.21,-7.92,10.29
390410619117,2025-07-01,2,20,18.21,-7.92,10.29
390530455401,2025-07-10,2,20,18.21,-7.92,10.29
390775239889,2025-07-15,2,20,18.21,-7.92,10.29
390888254230,2025-07-17,2,20,18.21,-7.92,10.29
395554401113,2025-12-02,2,20,18.21,-7.92,10.29
396603984340,2025-12-23,2,20,18.21,-7.92,10.29
396686882568,2025-12-23,2,20,18.21,-7.92,10.29
396697989210,2025-12-30,2,20,18.21,-7.92,10.29
391977747841,2025-08-19,2,21,18.88,-8.97,9.91
393870805199,2025-10-16,2,21,18.88,-8.97,9.91
395861779564,2025-12-11,2,21,18.88,-8.97,9.91
390378419538,2025-07-03,2,22,18.93,-8.99,9.94
394844435454,2025-11-04,2,22,18.93,-8.99,9.94
395104132564,2025-11-18,2,22,18.93,-8.99,9.94
396350736019,2025-12-23,2,22,18.93,-8.99,9.94
396268284428,2025-12-23,2,23,19.0,-9.02,9.98
396629792434,2025-12-23,2,23,19.0,-9.02,9.98
396681368959,2025-12-23,2,23,19.0,-9.02,9.98
391973726701,2025-08-19,2,24,19.52,-9.27,10.25
394476999475,2025-10-28,2,24,19.52,-9.27,10.25
394663074255,2025-11-04,2,24,19.52,-9.27,10.25
394857717821,2025-11-11,2,24,19.52,-9.27,10.25
395101652652,2025-11-18,2,24,19.52,-9.27,10.25
395278131003,2025-11-25,2,24,19.52,-9.27,10.25
396316985315,2025-12-23,2,24,19.52,-9.27,10.25
396666660647,2025-12-23,2,24,19.52,-9.27,10.25
390507988063,2025-07-08,2,26,20.53,-9.75,10.78
391039603123,2025-07-22,2,30,21.86,-10.38,11.48
391618270161,2025-08-05,2,30,21.86,-10.38,11.48
394435901178,2025-10-28,2,31,22.8,-11.28,11.52
391372231770,2025-07-29,2,32,22.81,-11.29,11.52
390376353630,2025-07-01,2,33,22.94,-11.35,11.59
391780392649,2025-08-12,2,33,22.94,-11.35,11.59
390204065417,2025-07-03,2,34,23.08,-11.42,11.66
392001687519,2025-08-21,2,40,25.44,-13.48,11.96
392010292485,2025-08-21,2,40,25.44,-13.48,11.96
392010538637,2025-08-21,2,40,25.44,-13.48,11.96
392048882977,2025-08-21,2,40,25.44,-13.48,11.96
392096031678,2025-08-21,2,40,25.44,-13.48,11.96
392096748308,2025-08-21,2,40,25.44,-13.48,11.96
392133191192,2025-08-21,2,40,25.44,-13.48,11.96
392135837727,2025-08-21,2,40,25.44,-13.48,11.96
392164015040,2025-08-21,2,40,25.44,-13.48,11.96
393637464582,2025-10-07,2,40,25.44,-13.48,11.96
390395514542,2025-07-01,2,47,27.64,-13.68,13.96
394598824986,2025-10-28,2,49,27.66,-13.69,13.97
390397279761,2025-07-01,2,62,30.25,-14.97,15.28
390837979688,2025-07-15,2,70,32.75,-16.21,16.54
392359331393,2025-08-26,2,74,34.82,-17.24,17.58
392361102200,2025-08-26,2,77,40.42,-20.01,20.41
390899604484,2025-07-17,2,90,59.92,-29.65,30.27
391885756830,2025-08-14,2,90,59.92,-29.65,30.27
392383506727,2025-08-28,2,90,59.92,-29.65,30.27
395102688590,2025-11-18,2,90,59.92,-29.65,30.27
396667912433,2025-12-30,2,90,59.92,-29.65,30.27
391310129118,2025-07-31,3,1,11.65,-3.58,8.07
391315820501,2025-07-31,3,1,11.65,-3.58,8.07
391917734890,2025-08-21,3,1,11.65,-3.58,8.07
391927818795,2025-08-21,3,1,11.65,-3.58,8.07
391990215872,2025-08-21,3,1,11.65,-3.58,8.07
392027910207,2025-08-21,3,1,11.65,-3.58,8.07
392040571514,2025-08-21,3,1,11.65,-3.58,8.07
392048222232,2025-08-21,3,1,11.65,-3.58,8.07
393739631857,2025-10-07,3,1,11.65,-3.58,8.07
393747232482,2025-10-07,3,1,11.65,-3.58,8.07
390278614790,2025-07-03,3,2,13.32,-5.13,8.19
390278696940,2025-07-03,3,2,13.32,-5.13,8.19
390279989851,2025-07-03,3,2,13.32,-5.13,8.19
391889064949,2025-08-21,3,2,13.32,-5.13,8.19
392003230393,2025-08-21,3,2,13.32,-5.12,8.2
392005999858,2025-08-21,3,2,13.32,-5.12,8.2
392036610854,2025-08-21,3,2,13.32,-5.12,8.2
392039775165,2025-08-21,3,2,13.32,-5.12,8.2
392048832560,2025-08-21,3,2,13.32,-5.12,8.2
392095490270,2025-08-21,3,2,13.32,-5.12,8.2
390179236959,2025-07-03,3,3,14.03,-5.4,8.63
392007391154,2025-08-21,3,3,14.03,-5.4,8.63
392053505031,2025-08-21,3,3,14.03,-5.4,8.63
392113514826,2025-08-21,3,3,14.03,-5.4,8.63
392116889100,2025-08-21,3,3,14.03,-5.4,8.63
392130396710,2025-08-21,3,3,14.03,-5.4,8.63
392138993660,2025-08-21,3,3,14.03,-5.4,8.63
393625296865,2025-10-07,3,3,14.03,-5.4,8.63
393700526580,2025-10-07,3,3,14.03,-5.4,8.63
393742118473,2025-10-07,3,3,14.03,-5.4,8.63
390164171017,2025-07-03,3,4,14.11,-5.43,8.68
390271738887,2025-07-03,3,4,14.11,-5.43,8.68
390296536893,2025-07-03,3,4,14.11,-5.43,8.68
390717505132,2025-07-15,3,4,14.11,-5.43,8.68
391155080547,2025-07-31,3,4,14.11,-5.43,8.68
391354408816,2025-07-31,3,4,14.11,-5.43,8.68
391356847427,2025-07-31,3,4,14.11,-5.43,8.68
391389154936,2025-07-31,3,4,14.11,-5.43,8.68
391725822918,2025-08-12,3,4,14.11,-5.43,8.68
392092870708,2025-08-21,3,4,14.11,-5.43,8.68
390168041646,2025-07-03,3,5,14.76,-5.68,9.08
390170497319,2025-07-03,3,5,14.76,-5.68,9.08
390202520592,2025-07-03,3,5,14.76,-5.68,9.08
390280836116,2025-07-03,3,5,14.76,-5.68,9.08
390283020147,2025-07-03,3,5,14.76,-5.68,9.08
393511160288,2025-10-07,3,5,14.76,-5.69,9.07
393712848781,2025-10-07,3,5,14.76,-5.69,9.07
393713990063,2025-10-07,3,5,14.76,-5.69,9.07
393716354377,2025-10-07,3,5,14.76,-5.69,9.07
393843174266,2025-10-07,3,5,14.76,-5.69,9.07
390420949303,2025-07-03,3,6,14.81,-6.0,8.81
390719508730,2025-07-15,3,6,14.81,-6.0,8.81
390780581721,2025-07-15,3,6,14.81,-5.99,8.82
391377439540,2025-07-31,3,6,14.81,-5.99,8.82
391429153937,2025-07-31,3,6,14.81,-5.99,8.82
391569883144,2025-08-12,3,6,14.81,-5.99,8.82
391728591530,2025-08-12,3,6,14.81,-5.99,8.82
391729772190,2025-08-12,3,6,14.81,-5.99,8.82
391735326895,2025-08-12,3,6,14.81,-5.99,8.82
391817679515,2025-08-12,3,6,14.81,-5.99,8.82
390162215348,2025-07-03,3,7,15.15,-6.13,9.02
390178763515,2025-07-03,3,7,15.15,-6.13,9.02
390211012080,2025-07-03,3,7,15.15,-6.13,9.02
390211430654,2025-07-03,3,7,15.15,-6.13,9.02
390216668611,2025-07-03,3,7,15.15,-6.13,9.02
390217037108,2025-07-03,3,7,15.15,-6.13,9.02
390272097254,2025-07-03,3,7,15.15,-6.13,9.02
390329006333,2025-07-03,3,7,15.15,-6.13,9.02
393519597460,2025-10-07,3,7,15.15,-6.14,9.01
393713608116,2025-10-07,3,7,15.15,-6.14,9.01
390202740604,2025-07-03,3,8,15.7,-6.36,9.34
390203593193,2025-07-03,3,8,15.7,-6.36,9.34
390207633520,2025-07-03,3,8,15.7,-6.36,9.34
390214736009,2025-07-03,3,8,15.7,-6.36,9.34
390295287411,2025-07-03,3,8,15.7,-6.36,9.34
390296661268,2025-07-03,3,8,15.7,-6.36,9.34
390322381300,2025-07-03,3,8,15.7,-6.36,9.34
390360414718,2025-07-03,3,8,15.7,-6.36,9.34
391180763382,2025-07-31,3,8,15.7,-6.36,9.34
392076257020,2025-08-21,3,8,15.7,-6.35,9.35
390293143483,2025-07-03,3,9,15.92,-6.45,9.47
390338159919,2025-07-03,3,9,15.92,-6.45,9.47
390610937543,2025-07-17,3,9,15.92,-6.45,9.47
390645762624,2025-07-15,3,9,15.92,-6.45,9.47
390651997413,2025-07-15,3,9,15.92,-6.45,9.47
390727324372,2025-07-17,3,9,15.92,-6.45,9.47
390739679142,2025-07-15,3,9,15.92,-6.45,9.47
390744298157,2025-07-17,3,9,15.92,-6.45,9.47
390755052032,2025-07-15,3,9,15.92,-6.44,9.48
390792446672,2025-07-17,3,9,15.92,-6.44,9.48
390199141795,2025-07-03,3,10,16.09,-6.51,9.58
390202339757,2025-07-03,3,10,16.09,-6.51,9.58
390219596478,2025-07-03,3,10,16.09,-6.51,9.58
390319849793,2025-07-03,3,10,16.09,-6.51,9.58
390321487738,2025-07-03,3,10,16.09,-6.51,9.58
390324282361,2025-07-03,3,10,16.09,-6.51,9.58
390324373966,2025-07-03,3,10,16.09,-6.51,9.58
390337104088,2025-07-03,3,10,16.09,-6.51,9.58
391293913320,2025-07-31,3,10,16.09,-6.51,9.58
393798872726,2025-10-07,3,10,16.09,-6.52,9.57
390294279737,2025-07-03,3,11,16.56,-7.2,9.36
390295237807,2025-07-03,3,11,16.56,-7.2,9.36
390362346459,2025-07-03,3,11,16.56,-7.2,9.36
390625895969,2025-07-17,3,11,16.56,-7.2,9.36
391184770449,2025-07-31,3,11,16.56,-7.2,9.36
391260268473,2025-07-31,3,11,16.56,-7.2,9.36
391334581132,2025-07-31,3,11,16.56,-7.2,9.36
391390023710,2025-07-31,3,11,16.56,-7.2,9.36
391917848216,2025-08-21,3,11,16.56,-7.2,9.36
392009322135,2025-08-21,3,11,16.56,-7.21,9.35
390200850373,2025-07-03,3,12,17.26,-7.51,9.75
390277024960,2025-07-03,3,12,17.26,-7.51,9.75
391668135367,2025-08-12,3,12,17.26,-7.51,9.75
391926234608,2025-08-21,3,12,17.26,-7.51,9.75
393559991880,2025-10-07,3,12,17.26,-7.51,9.75
393713367779,2025-10-07,3,12,17.26,-7.51,9.75
393748711922,2025-10-07,3,12,17.26,-7.51,9.75
393786727690,2025-10-07,3,12,17.26,-7.51,9.75
393792286213,2025-10-07,3,12,17.26,-7.51,9.75
393870721777,2025-10-07,3,12,17.26,-7.51,9.75
390321907609,2025-07-03,3,13,17.34,-7.54,9.8
390420911674,2025-07-03,3,13,17.34,-7.54,9.8
390727799213,2025-07-15,3,13,17.34,-7.54,9.8
390779174840,2025-07-15,3,13,17.34,-7.54,9.8
390789520760,2025-07-15,3,13,17.34,-7.54,9.8
390798914966,2025-07-17,3,13,17.34,-7.54,9.8
390929702826,2025-07-15,3,13,17.34,-7.54,9.8
391720060639,2025-08-12,3,13,17.34,-7.54,9.8
391865596399,2025-08-12,3,13,17.34,-7.54,9.8
392082920668,2025-08-21,3,13,17.34,-7.54,9.8
390296202198,2025-07-03,3,14,17.81,-7.75,10.06
390417412810,2025-07-03,3,14,17.81,-7.75,10.06
390625211308,2025-07-17,3,14,17.81,-7.75,10.06
391306571083,2025-07-31,3,14,17.81,-7.74,10.07
391791257067,2025-08-14,3,14,17.81,-7.74,10.07
391793553154,2025-08-12,3,14,17.81,-7.74,10.07
392076472552,2025-08-19,3,14,17.81,-7.75,10.06
392155123296,2025-08-26,3,14,17.81,-7.75,10.06
392233137382,2025-08-26,3,14,17.81,-7.75,10.06
396454431245,2025-12-23,3,14,17.81,-7.75,10.06
390840766016,2025-07-17,3,15,18.2,-7.92,10.28
390935691316,2025-07-22,3,15,18.2,-7.92,10.28
390993488604,2025-07-22,3,15,18.2,-7.92,10.28
391009743930,2025-07-22,3,15,18.2,-7.92,10.28
391009743930,2025-07-29,3,15,0.0,-1.62,-1.62
391288038191,2025-07-29,3,15,18.2,-7.92,10.28
391861624559,2025-08-12,3,15,18.2,-7.92,10.28
394317810649,2025-10-21,3,15,18.2,-7.92,10.28
394785736938,2025-11-04,3,15,18.2,-7.92,10.28
396776863873,2025-12-30,3,15,18.2,-7.92,10.28
390202401208,2025-07-03,3,16,18.73,-8.14,10.59
390294445182,2025-07-03,3,16,18.73,-8.14,10.59
390378035029,2025-07-03,3,16,18.73,-8.14,10.59
390833313774,2025-07-15,3,16,18.73,-8.15,10.58
391818642672,2025-08-12,3,16,18.73,-8.15,10.58
392068850447,2025-08-19,3,16,18.73,-8.15,10.58
392156870908,2025-08-26,3,16,18.73,-8.15,10.58
392315730859,2025-08-26,3,16,18.73,-8.15,10.58
393694272700,2025-10-07,3,16,18.73,-8.15,10.58
393748227078,2025-10-07,3,16,18.73,-8.15,10.58
390569885427,2025-07-10,3,17,19.12,-8.32,10.8
390718638590,2025-07-15,3,17,19.12,-8.32,10.8
391789897972,2025-08-14,3,17,19.12,-8.32,10.8
391904261158,2025-08-12,3,17,19.12,-8.32,10.8
391973402268,2025-08-19,3,17,19.12,-8.31,10.81
392153408626,2025-08-26,3,17,19.12,-8.31,10.81
392273272509,2025-08-26,3,17,19.12,-8.31,10.81
392469475973,2025-09-02,3,17,19.12,-8.31,10.81
393749671093,2025-10-07,3,17,19.12,-8.31,10.81
396681964754,2025-12-23,3,17,19.12,-8.32,10.8
390571743895,2025-07-08,3,18,19.37,-8.43,10.94
391062015644,2025-07-24,3,18,19.37,-8.43,10.94
391375741616,2025-07-29,3,18,19.37,-8.43,10.94
391772156452,2025-08-12,3,18,19.37,-8.43,10.94
392072225100,2025-08-19,3,18,19.37,-8.42,10.95
392156346406,2025-08-26,3,18,19.37,-8.42,10.95
390412739684,2025-07-08,3,19,20.31,-8.83,11.48
390619479543,2025-07-15,3,19,20.31,-8.83,11.48
390742022176,2025-07-15,3,19,20.31,-8.83,11.48
390838135709,2025-07-17,3,19,20.31,-8.84,11.47
391330684275,2025-07-31,3,19,20.31,-8.84,11.47
391900776869,2025-08-12,3,19,20.31,-8.84,11.47
392039919881,2025-08-19,3,19,20.31,-8.83,11.48
396345998230,2025-12-23,3,19,20.31,-8.83,11.48
396496083215,2025-12-23,3,19,20.31,-8.83,11.48
396772585234,2025-12-23,3,19,20.31,-8.83,11.48
390574920649,2025-07-08,3,20,20.48,-8.9,11.58
390847140426,2025-07-15,3,20,20.48,-8.91,11.57
390915983130,2025-07-15,3,20,20.48,-8.91,11.57
390916864161,2025-07-15,3,20,20.48,-8.91,11.57
392065001518,2025-08-19,3,20,20.48,-8.91,11.57
392222582390,2025-08-26,3,20,20.48,-8.91,11.57
392358341012,2025-08-26,3,20,20.48,-8.91,11.57
394536901865,2025-11-04,3,20,20.48,-8.91,11.57
394697926999,2025-11-04,3,20,20.48,-8.91,11.57
394846051636,2025-11-04,3,20,20.48,-8.91,11.57
394928159140,2025-11-11,3,21,21.28,-10.11,11.17
390446607217,2025-07-01,3,22,21.49,-10.2,11.29
390857871930,2025-07-17,3,22,21.49,-10.21,11.28
390857976739,2025-07-17,3,22,21.49,-10.21,11.28
391416584385,2025-08-05,3,22,21.49,-10.21,11.28
392358542378,2025-08-26,3,22,21.49,-10.21,11.28
395085490187,2025-11-18,3,22,21.49,-10.21,11.28
395536804169,2025-11-25,3,22,21.49,-10.21,11.28
396822906530,2025-12-30,3,22,21.49,-10.21,11.28
390574371838,2025-07-08,3,23,21.91,-10.41,11.5
391236372500,2025-07-29,3,23,21.91,-10.41,11.5
393054741277,2025-09-16,3,23,21.91,-10.4,11.51
394841835868,2025-11-11,3,23,21.91,-10.41,11.5
395491102249,2025-11-25,3,23,21.91,-10.41,11.5
396439149444,2025-12-16,3,23,21.91,-10.41,11.5
396492945901,2025-12-23,3,23,21.91,-10.41,11.5
390915796271,2025-07-15,3,24,22.79,-10.83,11.96
393154132740,2025-09-23,3,24,22.79,-10.82,11.97
393337591570,2025-09-30,3,24,22.79,-10.82,11.97
394613219594,2025-11-04,3,24,22.79,-10.82,11.97
394697043254,2025-11-04,3,24,22.79,-10.82,11.97
394766060320,2025-11-04,3,24,22.79,-10.82,11.97
395284401357,2025-11-25,3,24,22.79,-10.82,11.97
395379997214,2025-11-25,3,24,22.79,-10.82,11.97
396530823449,2025-12-23,3,24,22.79,-10.82,11.97
396694819370,2025-12-23,3,24,22.79,-10.82,11.97
390650740022,2025-07-17,3,25,22.88,-10.86,12.02
391249785946,2025-07-31,3,25,22.88,-10.87,12.01
391411247494,2025-08-05,3,25,22.88,-10.87,12.01
395156539637,2025-11-18,3,25,22.88,-10.87,12.01
396613757146,2025-12-23,3,25,22.88,-10.87,12.01
392279420126,2025-08-26,3,26,23.66,-11.24,12.42
394985466938,2025-11-11,3,26,23.66,-11.24,12.42
391626442246,2025-08-05,3,27,24.23,-11.51,12.72
392227691002,2025-08-26,3,27,24.23,-11.51,12.72
395433452477,2025-11-25,3,27,24.23,-11.51,12.72
390848275588,2025-07-15,3,28,24.81,-11.78,13.03
392269493164,2025-08-26,3,28,24.81,-11.78,13.03
393040712105,2025-09-18,3,29,25.28,-12.01,13.27
391039298085,2025-07-22,3,30,25.88,-12.29,13.59
394802566563,2025-11-04,3,31,26.46,-13.1,13.36
394807877527,2025-11-04,3,31,26.46,-13.1,13.36
390522683111,2025-07-08,3,32,26.47,-13.1,13.37
390884119697,2025-07-15,3,32,26.47,-13.1,13.37
393134781569,2025-09-16,3,32,26.47,-13.1,13.37
395474792089,2025-11-25,3,37,29.32,-14.51,14.81
391559300956,2025-08-21,3,40,31.04,-16.44,14.6
392050094100,2025-08-21,3,40,31.04,-16.44,14.6
392053426780,2025-08-21,3,40,31.04,-16.44,14.6
393521001405,2025-10-07,3,40,31.04,-16.44,14.6
393550013910,2025-10-07,3,40,31.04,-16.44,14.6
393623913913,2025-10-07,3,40,31.04,-16.44,14.6
393624673928,2025-10-07,3,40,31.04,-16.44,14.6
393625675846,2025-10-07,3,40,31.04,-16.44,14.6
393626813574,2025-10-07,3,40,31.04,-16.44,14.6
393627342264,2025-10-07,3,40,31.04,-16.44,14.6
390294867247,2025-07-03,3,41,32.38,-16.02,16.36
391772343333,2025-08-12,3,41,32.38,-16.03,16.35
391789816409,2025-08-12,3,41,32.38,-16.03,16.35
393829156506,2025-10-07,3,41,32.38,-16.02,16.36
395020739694,2025-11-11,3,41,32.38,-16.02,16.36
395667173996,2025-12-02,3,41,32.38,-16.02,16.36
395988230422,2025-12-16,3,41,32.38,-16.02,16.36
392065918459,2025-08-19,3,42,32.5,-16.08,16.42
393581159431,2025-09-30,3,42,32.5,-16.08,16.42
393557244850,2025-09-30,3,43,32.96,-16.32,16.64
396307076826,2025-12-16,3,47,34.58,-17.11,17.47
396613759399,2025-12-23,3,47,34.58,-17.11,17.47
390620693215,2025-07-17,3,48,34.59,-17.12,17.47
392299199178,2025-09-04,3,50,34.61,-17.13,17.48
391082049130,2025-07-22,3,51,34.62,-17.13,17.49
396344480846,2025-12-23,3,54,34.65,-17.15,17.5
390177069183,2025-07-03,3,90,62.49,-30.92,31.57
390782850300,2025-07-15,3,90,62.49,-30.93,31.56
391411349412,2025-07-29,3,90,62.49,-30.93,31.56
392046900900,2025-08-21,3,90,62.49,-30.93,31.56
395548514740,2025-11-25,3,90,62.49,-30.93,31.56
396371530995,2025-12-23,3,90,62.49,-30.93,31.56
396393947047,2025-12-23,3,90,62.49,-30.93,31.56
396578834565,2025-12-23,3,90,62.49,-30.93,31.56
396630444450,2025-12-23,3,90,62.49,-30.93,31.56
396783612971,2025-12-23,3,90,62.49,-30.93,31.56
390333550895,2025-07-03,3,222,173.84,-86.03,87.81
391829307967,2025-08-21,4,1,12.69,-4.62,8.07
391887850698,2025-08-21,4,1,12.69,-4.62,8.07
391887888669,2025-08-21,4,1,12.69,-4.62,8.07
391908120530,2025-08-21,4,1,12.69,-4.62,8.07
391924572957,2025-08-21,4,1,12.69,-4.62,8.07
391927012670,2025-08-21,4,1,12.69,-4.62,8.07
391927900178,2025-08-21,4,1,12.69,-4.62,8.07
391927927921,2025-08-21,4,1,12.69,-4.62,8.07
391927956300,2025-08-21,4,1,12.69,-4.62,8.07
391975946149,2025-08-21,4,1,12.69,-4.62,8.07
391840119000,2025-08-21,4,2,14.53,-5.59,8.94
391847417000,2025-08-21,4,2,14.53,-5.59,8.94
391878247624,2025-08-21,4,2,14.53,-5.59,8.94
391889127042,2025-08-21,4,2,14.53,-5.59,8.94
391907076463,2025-08-21,4,2,14.53,-5.59,8.94
391907234543,2025-08-21,4,2,14.53,-5.59,8.94
391911873859,2025-08-21,4,2,14.53,-5.59,8.94
391915392797,2025-08-21,4,2,14.53,-5.59,8.94
391916407230,2025-08-21,4,2,14.53,-5.59,8.94
391916825296,2025-08-21,4,2,14.53,-5.59,8.94
391885105053,2025-08-21,4,3,15.16,-5.83,9.33
391885643242,2025-08-21,4,3,15.16,-5.83,9.33
391886065497,2025-08-21,4,3,15.16,-5.83,9.33
391887721541,2025-08-21,4,3,15.16,-5.83,9.33
391907307509,2025-08-21,4,3,15.16,-5.83,9.33
391909190613,2025-08-21,4,3,15.16,-5.83,9.33
391917200763,2025-08-21,4,3,15.16,-5.83,9.33
391922079462,2025-08-21,4,3,15.16,-5.83,9.33
391923292862,2025-08-21,4,3,15.16,-5.83,9.33
391923331576,2025-08-21,4,3,15.16,-5.83,9.33
390207899714,2025-07-03,4,4,15.78,-6.07,9.71
390211069610,2025-07-03,4,4,15.78,-6.07,9.71
391396949264,2025-08-21,4,4,15.78,-6.08,9.7
391922872080,2025-08-21,4,4,15.78,-6.08,9.7
392029156600,2025-08-21,4,4,15.78,-6.07,9.71
392039293528,2025-08-21,4,4,15.78,-6.07,9.71
392048630415,2025-08-21,4,4,15.78,-6.07,9.71
392122384100,2025-08-21,4,4,15.78,-6.07,9.71
393712565190,2025-10-07,4,4,15.78,-6.07,9.71
393756698437,2025-10-07,4,4,15.78,-6.07,9.71
391840251049,2025-08-21,4,5,16.17,-6.22,9.95
391873942940,2025-08-21,4,5,16.17,-6.22,9.95
391884993683,2025-08-21,4,5,16.17,-6.22,9.95
391907497267,2025-08-21,4,5,16.17,-6.22,9.95
391908297740,2025-08-21,4,5,16.17,-6.22,9.95
391908352986,2025-08-21,4,5,16.17,-6.22,9.95
391912671629,2025-08-21,4,5,16.17,-6.22,9.95
391914973015,2025-08-21,4,5,16.17,-6.22,9.95
391919227681,2025-08-21,4,5,16.17,-6.22,9.95
391926622524,2025-08-21,4,5,16.17,-6.22,9.95
390205102385,2025-07-03,4,6,16.33,-6.61,9.72
390217044669,2025-07-03,4,6,16.33,-6.61,9.72
390219925682,2025-07-03,4,6,16.33,-6.61,9.72
390293760872,2025-07-03,4,6,16.33,-6.61,9.72
390293930338,2025-07-03,4,6,16.33,-6.61,9.72
391139591655,2025-07-31,4,6,16.33,-6.61,9.72
392077590296,2025-08-21,4,6,16.33,-6.61,9.72
392096054201,2025-08-21,4,6,16.33,-6.61,9.72
392119130245,2025-08-21,4,6,16.33,-6.61,9.72
392119276456,2025-08-21,4,6,16.33,-6.61,9.72
390126185365,2025-07-03,4,7,16.76,-6.79,9.97
390144635753,2025-07-03,4,7,16.76,-6.79,9.97
390166579099,2025-07-03,4,7,16.76,-6.79,9.97
390170599233,2025-07-03,4,7,16.76,-6.79,9.97
390172927878,2025-07-03,4,7,16.76,-6.79,9.97
390180025765,2025-07-03,4,7,16.76,-6.79,9.97
390181188493,2025-07-03,4,7,16.76,-6.79,9.97
390181259088,2025-07-03,4,7,16.76,-6.79,9.97
391917074325,2025-08-21,4,7,16.76,-6.79,9.97
392089115889,2025-08-21,4,7,16.76,-6.79,9.97
391890649732,2025-08-21,4,8,17.34,-7.02,10.32
391912281490,2025-08-21,4,8,17.34,-7.02,10.32
391915277511,2025-08-21,4,8,17.34,-7.02,10.32
391918019030,2025-08-21,4,8,17.34,-7.02,10.32
391918190695,2025-08-21,4,8,17.34,-7.02,10.32
391976942390,2025-08-21,4,8,17.34,-7.02,10.32
391982595847,2025-08-21,4,8,17.34,-7.02,10.32
391998298593,2025-08-21,4,8,17.34,-7.02,10.32
391999843876,2025-08-21,4,8,17.34,-7.02,10.32
392035355190,2025-08-21,4,8,17.34,-7.02,10.32
390161807019,2025-07-03,4,9,17.42,-7.06,10.36
390164631017,2025-07-03,4,9,17.42,-7.06,10.36
390168392634,2025-07-03,4,9,17.42,-7.06,10.36
391132285554,2025-07-31,4,9,17.42,-7.05,10.37
391150398453,2025-07-31,4,9,17.42,-7.05,10.37
391991754891,2025-08-21,4,9,17.42,-7.06,10.36
392047981484,2025-08-21,4,9,17.42,-7.06,10.36
392092151298,2025-08-21,4,9,17.42,-7.06,10.36
393515324648,2025-10-07,4,9,17.42,-7.06,10.36
393595171494,2025-10-07,4,9,17.42,-7.06,10.36
390161697342,2025-07-03,4,10,17.59,-7.12,10.47
390199870426,2025-07-03,4,10,17.59,-7.12,10.47
390206849816,2025-07-03,4,10,17.59,-7.12,10.47
390214410353,2025-07-03,4,10,17.59,-7.12,10.47
390220313388,2025-07-03,4,10,17.59,-7.12,10.47
391888612573,2025-08-21,4,10,17.59,-7.12,10.47
391914077601,2025-08-21,4,10,17.59,-7.12,10.47
391996186767,2025-08-21,4,10,17.59,-7.12,10.47
392030201287,2025-08-21,4,10,17.59,-7.12,10.47
393755247862,2025-10-07,4,10,17.59,-7.12,10.47
390180120950,2025-07-03,4,11,18.17,-7.91,10.26
390182081702,2025-07-03,4,11,18.17,-7.91,10.26
390204491746,2025-07-03,4,11,18.17,-7.91,10.26
391868930476,2025-08-21,4,11,18.17,-7.9,10.27
391992746000,2025-08-21,4,11,18.17,-7.9,10.27
392050701455,2025-08-21,4,11,18.17,-7.9,10.27
392081774368,2025-08-21,4,11,18.17,-7.9,10.27
392092600740,2025-08-21,4,11,18.17,-7.9,10.27
392133967362,2025-08-21,4,11,18.17,-7.9,10.27
393747506200,2025-10-07,4,11,18.17,-7.9,10.27
390175512586,2025-07-03,4,12,18.35,-7.98,10.37
390179633310,2025-07-03,4,12,18.35,-7.98,10.37
390202965382,2025-07-03,4,12,18.35,-7.98,10.37
390295564886,2025-07-03,4,12,18.35,-7.98,10.37
391847694850,2025-08-21,4,12,18.35,-7.98,10.37
391876712447,2025-08-21,4,12,18.35,-7.98,10.37
392053030900,2025-08-21,4,12,18.35,-7.98,10.37
392136369173,2025-08-21,4,12,18.35,-7.98,10.37
393468036130,2025-10-07,4,12,18.35,-7.98,10.37
393749945749,2025-10-07,4,12,18.35,-7.98,10.37
390209796255,2025-07-03,4,13,18.56,-8.07,10.49
390220340050,2025-07-03,4,13,18.56,-8.07,10.49
390365782550,2025-07-03,4,13,18.56,-8.07,10.49
390609469416,2025-07-17,4,13,18.56,-8.07,10.49
390648533551,2025-07-17,4,13,18.56,-8.07,10.49
390897928215,2025-07-17,4,13,18.56,-8.07,10.49
391155491122,2025-07-31,4,13,18.56,-8.07,10.49
391186306225,2025-07-31,4,13,18.56,-8.07,10.49
391263209131,2025-07-31,4,13,18.56,-8.07,10.49
392009409564,2025-08-21,4,13,18.56,-8.08,10.48
390335152043,2025-07-03,4,14,18.75,-8.15,10.6
390336067738,2025-07-03,4,14,18.75,-8.15,10.6
390381019371,2025-07-03,4,14,18.75,-8.15,10.6
390422473432,2025-07-03,4,14,18.75,-8.15,10.6
390638339830,2025-07-15,4,14,18.75,-8.15,10.6
390806748114,2025-07-17,4,14,18.75,-8.15,10.6
391726157276,2025-08-12,4,14,18.75,-8.15,10.6
391787929523,2025-08-12,4,14,18.75,-8.15,10.6
391789324138,2025-08-12,4,14,18.75,-8.15,10.6
391822377682,2025-08-12,4,14,18.75,-8.15,10.6
390641479887,2025-07-15,4,15,19.01,-8.27,10.74
390650232101,2025-07-17,4,15,19.01,-8.27,10.74
390830196581,2025-07-15,4,15,19.01,-8.27,10.74
390841640763,2025-07-17,4,15,19.01,-8.27,10.74
391823936207,2025-08-12,4,15,19.01,-8.27,10.74
391907494030,2025-08-21,4,15,19.01,-8.27,10.74
392021558740,2025-08-19,4,15,19.01,-8.27,10.74
392314813532,2025-08-26,4,15,19.01,-8.27,10.74
393559462880,2025-10-07,4,15,19.01,-8.27,10.74
393741515870,2025-10-07,4,15,19.01,-8.27,10.74
390179963079,2025-07-03,4,16,19.36,-8.42,10.94
390281912254,2025-07-03,4,16,19.36,-8.42,10.94
390295510555,2025-07-03,4,16,19.36,-8.42,10.94
390328152556,2025-07-03,4,16,19.36,-8.42,10.94
390328412561,2025-07-03,4,16,19.36,-8.42,10.94
390338745460,2025-07-03,4,16,19.36,-8.42,10.94
390367089146,2025-07-03,4,16,19.36,-8.42,10.94
390409626663,2025-07-03,4,16,19.36,-8.42,10.94
391886324234,2025-08-21,4,16,19.36,-8.42,10.94
393637504616,2025-10-07,4,16,19.36,-8.42,10.94
390275177953,2025-07-03,4,17,19.57,-8.51,11.06
390840493375,2025-07-15,4,17,19.57,-8.51,11.06
390846130072,2025-07-15,4,17,19.57,-8.51,11.06
390899831255,2025-07-17,4,17,19.57,-8.51,11.06
391728000840,2025-08-12,4,17,19.57,-8.51,11.06
391773215050,2025-08-12,4,17,19.57,-8.51,11.06
391778262529,2025-08-12,4,17,19.57,-8.51,11.06
392131768831,2025-08-26,4,17,19.57,-8.51,11.06
394498788227,2025-10-30,4,17,19.57,-8.51,11.06
395988162333,2025-12-18,4,17,19.57,-8.51,11.06
390415166783,2025-07-08,4,18,19.78,-8.6,11.18
390509489713,2025-07-10,4,18,19.78,-8.6,11.18
390611887714,2025-07-08,4,18,19.78,-8.6,11.18
390648804211,2025-07-17,4,18,19.78,-8.6,11.18
390781154414,2025-07-15,4,18,19.78,-8.6,11.18
391006899410,2025-07-24,4,18,19.78,-8.6,11.18
391189079840,2025-07-31,4,18,19.78,-8.6,11.18
393282598254,2025-09-25,4,18,19.78,-8.6,11.18
394375870290,2025-10-28,4,18,19.78,-8.6,11.18
395329143001,2025-11-25,4,18,19.78,-8.6,11.18
390372355167,2025-07-08,4,19,20.85,-9.07,11.78
390530046152,2025-07-10,4,19,20.85,-9.07,11.78
390560864400,2025-07-08,4,19,20.85,-9.07,11.78
391982326153,2025-08-19,4,19,20.85,-9.07,11.78
394367463679,2025-10-30,4,19,20.85,-9.07,11.78
394687498592,2025-11-04,4,19,20.85,-9.07,11.78
396281104079,2025-12-23,4,19,20.85,-9.07,11.78
396485405339,2025-12-18,4,19,20.85,-9.07,11.78
396517271002,2025-12-23,4,19,20.85,-9.07,11.78
396523505222,2025-12-23,4,19,20.85,-9.07,11.78
390271675124,2025-07-03,4,20,20.96,-9.12,11.84
390325663797,2025-07-03,4,20,20.96,-9.12,11.84
390717226809,2025-07-15,4,20,20.96,-9.12,11.84
390811719996,2025-07-17,4,20,20.96,-9.12,11.84
390825203603,2025-07-15,4,20,20.96,-9.12,11.84
391790470155,2025-08-12,4,20,20.96,-9.12,11.84
394805031601,2025-11-04,4,20,20.96,-9.12,11.84
394812558717,2025-11-04,4,20,20.96,-9.12,11.84
395369434708,2025-11-27,4,20,20.96,-9.12,11.84
396267762409,2025-12-18,4,20,20.96,-9.12,11.84
390582146531,2025-07-10,4,21,22.08,-10.48,11.6
390663343580,2025-07-17,4,21,22.08,-10.48,11.6
391295381607,2025-07-29,4,21,22.08,-10.49,11.59
391784713162,2025-08-12,4,21,22.08,-10.49,11.59
392281275252,2025-08-28,4,21,22.08,-10.49,11.59
392343356549,2025-09-18,4,21,22.08,-10.49,11.59
392345734310,2025-08-28,4,21,22.08,-10.49,11.59
394678411600,2025-11-06,4,21,22.08,-10.49,11.59
395362058916,2025-11-27,4,21,22.08,-10.49,11.59
395923122159,2025-12-09,4,21,22.08,-10.49,11.59
390356488257,2025-07-01,4,22,22.67,-10.77,11.9
391082035887,2025-07-22,4,22,22.67,-10.77,11.9
392025741219,2025-08-19,4,22,22.67,-10.77,11.9
393208335597,2025-09-25,4,22,22.67,-10.77,11.9
394436886229,2025-10-28,4,22,22.67,-10.77,11.9
395359547548,2025-11-25,4,22,22.67,-10.77,11.9
395362659389,2025-11-27,4,22,22.67,-10.77,11.9
396281533558,2025-12-23,4,22,22.67,-10.77,11.9
396320067130,2025-12-23,4,22,22.67,-10.77,11.9
396620053382,2025-12-23,4,22,22.67,-10.77,11.9
391305885780,2025-07-31,4,23,23.17,-11.0,12.17
393120926737,2025-09-23,4,23,23.17,-11.0,12.17
395409249345,2025-12-02,4,23,23.17,-11.0,12.17
396133631689,2025-12-11,4,23,23.17,-11.0,12.17
396492245085,2025-12-25,4,23,23.17,-11.0,12.17
396549204651,2025-12-23,4,23,23.17,-11.0,12.17
396553774746,2025-12-25,4,23,23.17,-11.0,12.17
396671181560,2025-12-23,4,23,23.17,-11.0,12.17
396896818327,2025-12-30,4,23,23.17,-11.0,12.17
396963008120,2025-12-30,4,23,23.17,-11.0,12.17
390650183474,2025-07-15,4,24,24.37,-11.58,12.79
390740891793,2025-07-15,4,24,24.37,-11.58,12.79
391094497022,2025-07-31,4,24,24.37,-11.58,12.79
391867528674,2025-08-19,4,24,24.37,-11.58,12.79
392023049663,2025-08-19,4,24,24.37,-11.57,12.8
393471704910,2025-10-07,4,24,24.37,-11.57,12.8
393793476133,2025-10-07,4,24,24.37,-11.57,12.8
394367844961,2025-10-30,4,24,24.37,-11.57,12.8
394716862905,2025-11-04,4,24,24.37,-11.57,12.8
394742084537,2025-11-04,4,24,24.37,-11.57,12.8
390943828020,2025-07-24,4,25,24.48,-11.63,12.85
391721763129,2025-08-12,4,25,24.48,-11.63,12.85
391745486200,2025-08-12,4,25,24.48,-11.63,12.85
392466629580,2025-09-02,4,25,24.48,-11.63,12.85
394288392976,2025-10-21,4,25,24.48,-11.63,12.85
394288392976,2025-10-28,4,25,0.0,-1.42,-1.42
395099100577,2025-11-18,4,25,24.48,-11.63,12.85
395302794675,2025-11-18,4,25,24.48,-11.63,12.85
395341864087,2025-11-25,4,25,24.48,-11.63,12.85
396470918123,2025-12-30,4,25,24.48,-11.63,12.85
393125112097,2025-09-25,4,26,25.51,-12.11,13.4
393357554062,2025-09-25,4,26,25.51,-12.11,13.4
393519664575,2025-10-02,4,26,25.51,-12.11,13.4
390922487101,2025-07-22,4,27,26.02,-12.36,13.66
393109451670,2025-09-23,4,27,26.02,-12.36,13.66
393848078282,2025-10-16,4,27,26.02,-12.36,13.66
395604824087,2025-12-02,4,27,26.02,-12.36,13.66
395633787979,2025-12-02,4,27,26.02,-12.36,13.66
396509613540,2025-12-23,4,27,26.02,-12.36,13.66
392320717184,2025-08-28,4,28,27.22,-12.93,14.29
396689878689,2025-12-25,4,28,27.22,-12.93,14.29
396926585208,2025-12-25,4,28,27.22,-12.93,14.29
390518947667,2025-07-10,4,29,27.47,-13.05,14.42
391788626280,2025-08-12,4,29,27.47,-13.05,14.42
395512030064,2025-12-02,4,29,27.47,-13.05,14.42
394141399980,2025-10-23,4,30,28.51,-13.54,14.97
396087551722,2025-12-16,4,30,28.51,-13.54,14.97
394116913627,2025-10-21,4,31,29.09,-14.4,14.69
395084174841,2025-11-18,4,31,29.09,-14.4,14.69
396692967095,2025-12-23,4,31,29.09,-14.4,14.69
396929191326,2025-12-30,4,31,29.09,-14.4,14.69
390622017286,2025-07-17,4,33,30.41,-15.05,15.36
391123631804,2025-07-22,4,33,30.41,-15.05,15.36
394359395011,2025-10-28,4,33,30.41,-15.05,15.36
394359889112,2025-10-28,4,33,30.41,-15.05,15.36
394971125749,2025-11-11,4,33,30.41,-15.05,15.36
390644093385,2025-07-08,4,34,31.37,-15.53,15.84
395623653819,2025-12-04,4,37,33.0,-16.33,16.67
396094950350,2025-12-11,4,37,33.0,-16.33,16.67
396393720387,2025-12-16,4,37,33.0,-16.33,16.67
396394920600,2025-12-16,4,37,33.0,-16.33,16.67
391873371917,2025-08-21,4,40,35.53,-18.83,16.7
391888040978,2025-08-21,4,40,35.53,-18.83,16.7
391888697962,2025-08-21,4,40,35.53,-18.83,16.7
391888859842,2025-08-21,4,40,35.53,-18.83,16.7
391911869352,2025-08-21,4,40,35.53,-18.83,16.7
391913756580,2025-08-21,4,40,35.53,-18.83,16.7
391926173716,2025-08-21,4,40,35.53,-18.83,16.7
391991574567,2025-08-21,4,40,35.53,-18.83,16.7
391997580652,2025-08-21,4,40,35.53,-18.83,16.7
391999614668,2025-08-21,4,40,35.53,-18.83,16.7
390653319551,2025-07-17,4,41,36.56,-18.1,18.46
391909679082,2025-08-21,4,41,36.56,-18.09,18.47
392219573458,2025-08-26,4,41,36.56,-18.1,18.46
392902776754,2025-09-16,4,41,36.56,-18.1,18.46
393468675800,2025-10-07,4,41,36.56,-18.1,18.46
393597686953,2025-10-09,4,41,36.56,-18.1,18.46
393982614106,2025-10-14,4,41,36.56,-18.09,18.47
394363704205,2025-10-30,4,41,36.56,-18.09,18.47
395917450438,2025-12-11,4,41,36.56,-18.09,18.47
396415352287,2025-12-18,4,41,36.56,-18.09,18.47
393218077232,2025-09-23,4,42,37.98,-18.79,19.19
395424877054,2025-11-25,4,42,37.98,-18.8,19.18
394093798730,2025-10-21,4,43,38.04,-18.83,19.21
394181699490,2025-10-21,4,43,38.04,-18.83,19.21
394573476728,2025-11-06,4,43,38.04,-18.83,19.21
395057282816,2025-11-11,4,43,38.04,-18.83,19.21
395627988130,2025-12-04,4,43,38.04,-18.83,19.21
395639479797,2025-12-04,4,43,38.04,-18.83,19.21
394322711696,2025-10-30,4,45,39.03,-19.32,19.71
396537157800,2025-12-18,4,46,40.27,-19.93,20.34
391304024770,2025-07-31,4,47,40.92,-20.25,20.67
395623481055,2025-12-04,4,47,40.92,-20.25,20.67
396358478132,2025-12-18,4,47,40.92,-20.25,20.67
390441991350,2025-07-08,4,48,41.39,-20.48,20.91
390716802216,2025-07-15,4,48,41.39,-20.48,20.91
390737015289,2025-07-15,4,48,41.39,-20.48,20.91
390873138228,2025-07-22,4,48,41.39,-20.48,20.91
390935942901,2025-07-22,4,48,41.39,-20.48,20.91
391069515561,2025-07-24,4,48,41.39,-20.48,20.91
393592599385,2025-10-09,4,48,41.39,-20.48,20.91
394326717542,2025-10-30,4,48,41.39,-20.48,20.91
395066710653,2025-11-18,4,48,41.39,-20.48,20.91
396326858700,2025-12-23,4,48,41.39,-20.48,20.91
392301699613,2025-08-28,4,49,41.4,-20.49,20.91
392322434527,2025-08-26,4,49,41.4,-20.49,20.91
392597544292,2025-09-11,4,49,41.4,-20.49,20.91
392597555874,2025-09-11,4,49,41.4,-20.49,20.91
392597556930,2025-09-11,4,49,41.4,-20.49,20.91
392597557969,2025-09-11,4,49,41.4,-20.49,20.91
394326165490,2025-10-30,4,49,41.4,-20.49,20.91
390561918086,2025-07-08,4,50,41.42,-20.5,20.92
395665186397,2025-12-04,4,51,41.62,-20.6,21.02
390274050579,2025-07-03,4,52,41.64,-20.61,21.03
390274169617,2025-07-03,4,52,41.64,-20.61,21.03
391373264996,2025-08-05,4,54,41.72,-20.65,21.07
395997286305,2025-12-11,4,54,41.72,-20.65,21.07
390932267642,2025-07-24,4,57,41.75,-20.66,21.09
390193666886,2025-07-01,4,71,50.09,-24.79,25.3
395055237096,2025-11-20,4,74,51.17,-25.32,25.85
392800902502,2025-09-11,4,81,56.55,-27.99,28.56
392801037998,2025-09-11,4,81,56.55,-27.99,28.56
392801047175,2025-09-11,4,81,56.55,-27.99,28.56
391753777256,2025-08-14,4,90,69.42,-34.36,35.06
392007369656,2025-08-21,4,90,69.42,-34.36,35.06
392318711304,2025-08-26,4,90,69.42,-34.36,35.06
393205944901,2025-09-23,4,90,69.42,-34.36,35.06
394690623210,2025-11-04,4,90,69.42,-34.36,35.06
395684528092,2025-12-11,4,90,69.42,-34.36,35.06
396271478251,2025-12-18,4,90,69.42,-34.36,35.06
396310960840,2025-12-18,4,90,69.42,-34.36,35.06
396311216016,2025-12-18,4,90,69.42,-34.36,35.06
396690535188,2025-12-25,4,90,69.42,-34.36,35.06
391826339389,2025-08-21,5,1,13.27,-5.1,8.17
391837604037,2025-08-21,5,1,13.27,-5.1,8.17
391877739494,2025-08-21,5,1,13.27,-5.1,8.17
391878717566,2025-08-21,5,1,13.27,-5.1,8.17
391887403706,2025-08-21,5,1,13.27,-5.1,8.17
391887940336,2025-08-21,5,1,13.27,-5.1,8.17
391907386782,2025-08-21,5,1,13.27,-5.1,8.17
391910940018,2025-08-21,5,1,13.27,-5.1,8.17
391912785786,2025-08-21,5,1,13.27,-5.1,8.17
391914432397,2025-08-21,5,1,13.27,-5.1,8.17
391583667000,2025-08-21,5,2,14.84,-5.71,9.13
391804725529,2025-08-21,5,2,14.84,-5.71,9.13
391825926713,2025-08-21,5,2,14.84,-5.71,9.13
391828362677,2025-08-21,5,2,14.84,-5.71,9.13
391845474882,2025-08-21,5,2,14.84,-5.71,9.13
391847217048,2025-08-21,5,2,14.84,-5.71,9.13
391872566240,2025-08-21,5,2,14.84,-5.71,9.13
391872652203,2025-08-21,5,2,14.84,-5.71,9.13
391874950315,2025-08-21,5,2,14.84,-5.71,9.13
391877950954,2025-08-21,5,2,14.84,-5.71,9.13
391781237616,2025-08-21,5,3,15.93,-6.13,9.8
391806624680,2025-08-21,5,3,15.93,-6.13,9.8
391827265703,2025-08-21,5,3,15.93,-6.13,9.8
391846010567,2025-08-21,5,3,15.93,-6.13,9.8
391867618850,2025-08-21,5,3,15.93,-6.13,9.8
391872614897,2025-08-21,5,3,15.93,-6.13,9.8
391878005703,2025-08-21,5,3,15.93,-6.13,9.8
391879494209,2025-08-21,5,3,15.93,-6.13,9.8
391887361912,2025-08-21,5,3,15.93,-6.13,9.8
391890924461,2025-08-21,5,3,15.93,-6.13,9.8
391354290759,2025-08-21,5,4,16.81,-6.47,10.34
391847475815,2025-08-21,5,4,16.81,-6.47,10.34
391871074591,2025-08-21,5,4,16.81,-6.47,10.34
391890185564,2025-08-21,5,4,16.81,-6.47,10.34
391907450409,2025-08-21,5,4,16.81,-6.47,10.34
391912388270,2025-08-21,5,4,16.81,-6.47,10.34
391926207990,2025-08-21,5,4,16.81,-6.47,10.34
391999299861,2025-08-21,5,4,16.81,-6.47,10.34
392001175625,2025-08-21,5,4,16.81,-6.47,10.34
392033970859,2025-08-21,5,4,16.81,-6.47,10.34
391349937254,2025-08-21,5,5,17.56,-6.75,10.81
391826011296,2025-08-21,5,5,17.56,-6.75,10.81
391827156360,2025-08-21,5,5,17.56,-6.75,10.81
391836564158,2025-08-21,5,5,17.56,-6.75,10.81
391840220602,2025-08-21,5,5,17.56,-6.75,10.81
391847636710,2025-08-21,5,5,17.56,-6.75,10.81
391868223990,2025-08-21,5,5,17.56,-6.75,10.81
391868339102,2025-08-21,5,5,17.56,-6.75,10.81
391868879007,2025-08-21,5,5,17.56,-6.75,10.81
391873789758,2025-08-21,5,5,17.56,-6.75,10.81
390205357755,2025-07-03,5,6,17.63,-7.13,10.5
390209534273,2025-07-03,5,6,17.63,-7.13,10.5
390220384678,2025-07-03,5,6,17.63,-7.13,10.5
391847289698,2025-08-21,5,6,17.63,-7.14,10.49
391883954624,2025-08-21,5,6,17.63,-7.14,10.49
392032218642,2025-08-21,5,6,17.63,-7.14,10.49
392088039887,2025-08-21,5,6,17.63,-7.14,10.49
392088049899,2025-08-21,5,6,17.63,-7.14,10.49
392095481850,2025-08-21,5,6,17.63,-7.14,10.49
392095980814,2025-08-21,5,6,17.63,-7.14,10.49
390141982611,2025-07-03,5,7,18.19,-7.36,10.83
390162322559,2025-07-03,5,7,18.19,-7.36,10.83
391806583702,2025-08-21,5,7,18.19,-7.37,10.82
391870166935,2025-08-21,5,7,18.19,-7.37,10.82
391876060358,2025-08-21,5,7,18.19,-7.37,10.82
391882161672,2025-08-21,5,7,18.19,-7.37,10.82
391917132273,2025-08-21,5,7,18.19,-7.37,10.82
391924366198,2025-08-21,5,7,18.19,-7.37,10.82
392049418389,2025-08-21,5,7,18.19,-7.36,10.83
392050760329,2025-08-21,5,7,18.19,-7.36,10.83
391868368120,2025-08-21,5,8,18.71,-7.58,11.13
391876315765,2025-08-21,5,8,18.71,-7.58,11.13
391885748453,2025-08-21,5,8,18.71,-7.58,11.13
391887898534,2025-08-21,5,8,18.71,-7.58,11.13
391889624492,2025-08-21,5,8,18.71,-7.58,11.13
391890746931,2025-08-21,5,8,18.71,-7.58,11.13
391911132058,2025-08-21,5,8,18.71,-7.58,11.13
391912991375,2025-08-21,5,8,18.71,-7.58,11.13
391917734754,2025-08-21,5,8,18.71,-7.58,11.13
391926034289,2025-08-21,5,8,18.71,-7.58,11.13
391829847611,2025-08-21,5,9,18.87,-7.64,11.23
391890217942,2025-08-21,5,9,18.87,-7.64,11.23
391921965236,2025-08-21,5,9,18.87,-7.64,11.23
391926556357,2025-08-21,5,9,18.87,-7.64,11.23
391928297009,2025-08-21,5,9,18.87,-7.64,11.23
392000414842,2025-08-21,5,9,18.87,-7.64,11.23
392045869271,2025-08-21,5,9,18.87,-7.64,11.23
392048091498,2025-08-21,5,9,18.87,-7.64,11.23
392074712482,2025-08-21,5,9,18.87,-7.64,11.23
392076547830,2025-08-21,5,9,18.87,-7.64,11.23
391841954915,2025-08-21,5,10,19.39,-7.85,11.54
391868853040,2025-08-21,5,10,19.39,-7.85,11.54
391870645827,2025-08-21,5,10,19.39,-7.85,11.54
391870733826,2025-08-21,5,10,19.39,-7.85,11.54
391871162958,2025-08-21,5,10,19.39,-7.85,11.54
391871372792,2025-08-21,5,10,19.39,-7.85,11.54
391882589919,2025-08-21,5,10,19.39,-7.85,11.54
391883510006,2025-08-21,5,10,19.39,-7.85,11.54
391924205962,2025-08-21,5,10,19.39,-7.85,11.54
391992553006,2025-08-21,5,10,19.39,-7.85,11.54
391841304980,2025-08-21,5,11,19.71,-8.57,11.14
391870744591,2025-08-21,5,11,19.71,-8.57,11.14
391874655617,2025-08-21,5,11,19.71,-8.57,11.14
391876699207,2025-08-21,5,11,19.71,-8.57,11.14
391911030681,2025-08-21,5,11,19.71,-8.57,11.14
391915319154,2025-08-21,5,11,19.71,-8.57,11.14
392008901479,2025-08-21,5,11,19.71,-8.57,11.14
392051040633,2025-08-21,5,11,19.71,-8.57,11.14
392083410784,2025-08-21,5,11,19.71,-8.57,11.14
392093067121,2025-08-21,5,11,19.71,-8.57,11.14
390128787378,2025-07-03,5,12,19.99,-8.69,11.3
390180663990,2025-07-03,5,12,19.99,-8.69,11.3
390205324617,2025-07-03,5,12,19.99,-8.69,11.3
390216952003,2025-07-03,5,12,19.99,-8.69,11.3
390217016132,2025-07-03,5,12,19.99,-8.69,11.3
391891373448,2025-08-21,5,12,19.99,-8.69,11.3
391926309378,2025-08-21,5,12,19.99,-8.69,11.3
392039754660,2025-08-21,5,12,19.99,-8.69,11.3
393586856065,2025-10-07,5,12,19.99,-8.69,11.3
393785169087,2025-10-07,5,12,19.99,-8.69,11.3
390176182360,2025-07-03,5,13,20.37,-8.86,11.51
390334472117,2025-07-03,5,13,20.37,-8.86,11.51
390419989689,2025-07-03,5,13,20.37,-8.86,11.51
390647764870,2025-07-17,5,13,20.37,-8.86,11.51
390660974862,2025-07-17,5,13,20.37,-8.86,11.51
391247308131,2025-07-31,5,13,20.37,-8.86,11.51
391666621795,2025-08-12,5,13,20.37,-8.86,11.51
391719680081,2025-08-12,5,13,20.37,-8.86,11.51
391981431300,2025-08-21,5,13,20.37,-8.85,11.52
392053649776,2025-08-21,5,13,20.37,-8.85,11.52
390125493480,2025-07-03,5,14,20.87,-9.08,11.79
390372071419,2025-07-03,5,14,20.87,-9.08,11.79
390449063621,2025-07-08,5,14,20.87,-9.08,11.79
390628426990,2025-07-17,5,14,20.87,-9.08,11.79
391637081570,2025-08-14,5,14,20.87,-9.07,11.8
391661000034,2025-08-12,5,14,20.87,-9.07,11.8
391791547395,2025-08-12,5,14,20.87,-9.07,11.8
391823812067,2025-08-12,5,14,20.87,-9.07,11.8
392023899832,2025-08-19,5,14,20.87,-9.08,11.79
394599816610,2025-11-04,5,14,20.87,-9.08,11.79
390599597837,2025-07-15,5,15,21.61,-9.4,12.21
390648083416,2025-07-17,5,15,21.61,-9.4,12.21
390648575227,2025-07-17,5,15,21.61,-9.4,12.21
390822832342,2025-07-15,5,15,21.61,-9.4,12.21
390881889774,2025-07-15,5,15,21.61,-9.4,12.21
391661446416,2025-08-12,5,15,21.61,-9.4,12.21
391664745542,2025-08-12,5,15,21.61,-9.4,12.21
391783905027,2025-08-19,5,15,21.61,-9.4,12.21
391859707835,2025-08-12,5,15,21.61,-9.4,12.21
391921332455,2025-08-21,5,15,21.61,-9.4,12.21
390272764090,2025-07-03,5,16,21.98,-9.56,12.42
390612450973,2025-07-15,5,16,21.98,-9.56,12.42
390626102362,2025-07-17,5,16,21.98,-9.56,12.42
390649205858,2025-07-17,5,16,21.98,-9.56,12.42
390724501297,2025-07-15,5,16,21.98,-9.56,12.42
390843379595,2025-07-15,5,16,21.98,-9.56,12.42
391182459329,2025-07-31,5,16,21.98,-9.56,12.42
391727653958,2025-08-12,5,16,21.98,-9.56,12.42
391791422995,2025-08-12,5,16,21.98,-9.56,12.42
391859494104,2025-08-12,5,16,21.98,-9.56,12.42
390280167929,2025-07-03,5,17,22.6,-9.83,12.77
390372646815,2025-07-03,5,17,22.6,-9.83,12.77
390379762337,2025-07-03,5,17,22.6,-9.83,12.77
390748426310,2025-07-15,5,17,22.6,-9.83,12.77
390831328362,2025-07-17,5,17,22.6,-9.83,12.77
391305994891,2025-07-31,5,17,22.6,-9.83,12.77
391615264400,2025-08-12,5,17,22.6,-9.83,12.77
391780208819,2025-08-12,5,17,22.6,-9.83,12.77
391878632552,2025-08-21,5,17,22.6,-9.83,12.77
391884594060,2025-08-21,5,17,22.6,-9.83,12.77
390335369066,2025-07-03,5,18,23.69,-10.3,13.39
390782046902,2025-07-15,5,18,23.69,-10.3,13.39
390882503652,2025-07-24,5,18,23.69,-10.3,13.39
391051838797,2025-07-22,5,18,23.69,-10.3,13.39
391719907856,2025-08-12,5,18,23.69,-10.3,13.39
391723753429,2025-08-12,5,18,23.69,-10.3,13.39
392028208579,2025-08-19,5,18,23.69,-10.31,13.38
392285524299,2025-08-26,5,18,23.69,-10.31,13.38
392400875813,2025-09-02,5,18,23.69,-10.31,13.38
390330317321,2025-07-10,5,19,24.81,-10.79,14.02
390620357664,2025-07-15,5,19,24.81,-10.79,14.02
390718779857,2025-07-15,5,19,24.81,-10.79,14.02
390848834404,2025-07-15,5,19,24.81,-10.79,14.02
391270604740,2025-07-31,5,19,24.81,-10.79,14.02
391311390461,2025-07-31,5,19,24.81,-10.79,14.02
391312535893,2025-07-31,5,19,24.81,-10.79,14.02
391860436013,2025-08-12,5,19,24.81,-10.79,14.02
396075063648,2025-12-11,5,19,24.81,-10.79,14.02
396486300032,2025-12-25,5,19,24.81,-10.79,14.02
390613803839,2025-07-15,5,20,25.79,-11.21,14.58
390660199967,2025-07-17,5,20,25.79,-11.21,14.58
390750571350,2025-07-17,5,20,25.79,-11.21,14.58
390777973224,2025-07-15,5,20,25.79,-11.22,14.57
390810851035,2025-07-17,5,20,25.79,-11.22,14.57
391184670332,2025-07-31,5,20,25.79,-11.22,14.57
391790554379,2025-08-12,5,20,25.79,-11.22,14.57
391820206526,2025-08-12,5,20,25.79,-11.22,14.57
391859722331,2025-08-12,5,20,25.79,-11.22,14.57
391990624444,2025-08-21,5,20,25.79,-11.21,14.58
390841834774,2025-07-15,5,21,26.09,-12.39,13.7
390988297534,2025-07-22,5,21,26.09,-12.39,13.7
391113392726,2025-07-31,5,21,26.09,-12.39,13.7
391264181680,2025-07-31,5,21,26.09,-12.39,13.7
391665057153,2025-08-12,5,21,26.09,-12.39,13.7
391676420132,2025-08-14,5,21,26.09,-12.39,13.7
391986497500,2025-08-19,5,21,26.09,-12.39,13.7
391991983530,2025-08-21,5,21,26.09,-12.39,13.7
396088849120,2025-12-25,5,21,26.09,-12.39,13.7
396329259363,2025-12-18,5,21,26.09,-12.39,13.7
390718858895,2025-07-15,5,22,26.81,-12.73,14.08
391231850953,2025-07-29,5,22,26.81,-12.73,14.08
391723675096,2025-08-12,5,22,26.81,-12.73,14.08
392041117497,2025-08-19,5,22,26.81,-12.73,14.08
392150221386,2025-08-26,5,22,26.81,-12.73,14.08
392225810148,2025-08-26,5,22,26.81,-12.73,14.08
393760630098,2025-10-09,5,22,26.81,-12.73,14.08
395235393986,2025-11-25,5,22,26.81,-12.73,14.08
396349713415,2025-12-18,5,22,26.81,-12.73,14.08
396607604865,2025-12-23,5,22,26.81,-12.73,14.08
391176233291,2025-07-31,5,23,27.31,-12.97,14.34
391186045740,2025-07-31,5,23,27.31,-12.97,14.34
395286448369,2025-11-27,5,23,27.31,-12.97,14.34
395458760558,2025-12-04,5,23,27.31,-12.97,14.34
396151829536,2025-12-18,5,23,27.31,-12.97,14.34
396228994620,2025-12-23,5,23,27.31,-12.97,14.34
396341791121,2025-12-18,5,23,27.31,-12.97,14.34
396372163146,2025-12-18,5,23,27.31,-12.97,14.34
396550414309,2025-12-23,5,23,27.31,-12.97,14.34
396679343782,2025-12-25,5,23,27.31,-12.97,14.34
390372202002,2025-07-03,5,24,28.77,-13.67,15.1
390831461158,2025-07-17,5,24,28.77,-13.66,15.11
391790681320,2025-08-21,5,24,28.77,-13.66,15.11
391869118686,2025-08-19,5,24,28.77,-13.66,15.11
392076690432,2025-08-19,5,24,28.77,-13.66,15.11
393743421393,2025-10-07,5,24,28.77,-13.66,15.11
394601597788,2025-11-04,5,24,28.77,-13.66,15.11
394674570206,2025-11-04,5,24,28.77,-13.66,15.11
394693188474,2025-11-04,5,24,28.77,-13.66,15.11
394699405496,2025-11-04,5,24,28.77,-13.66,15.11
390773218248,2025-07-15,5,25,29.32,-13.93,15.39
390830008149,2025-07-15,5,25,29.32,-13.93,15.39
391539572179,2025-08-26,5,25,29.32,-13.93,15.39
391727581944,2025-08-12,5,25,29.32,-13.93,15.39
391901217174,2025-08-19,5,25,29.32,-13.93,15.39
394292936221,2025-10-30,5,25,29.32,-13.92,15.4
394620345883,2025-11-04,5,25,29.32,-13.92,15.4
395395972331,2025-12-11,5,25,29.32,-13.92,15.4
395989760300,2025-12-18,5,25,29.32,-13.92,15.4
396112028379,2025-12-18,5,25,29.32,-13.92,15.4
390450828500,2025-07-08,5,26,30.52,-14.5,16.02
390450846885,2025-07-08,5,26,30.52,-14.5,16.02
390451002733,2025-07-08,5,26,30.52,-14.5,16.02
390534965434,2025-07-10,5,26,30.52,-14.5,16.02
390805841837,2025-07-17,5,26,30.52,-14.49,16.03
390838037694,2025-07-17,5,26,30.52,-14.49,16.03
391072143328,2025-07-24,5,26,30.52,-14.49,16.03
393722151356,2025-10-09,5,26,30.52,-14.49,16.03
394339911149,2025-10-28,5,26,30.52,-14.49,16.03
396218409364,2025-12-18,5,26,30.52,-14.49,16.03
391329829181,2025-07-29,5,27,31.02,-14.73,16.29
391998067555,2025-08-21,5,27,31.02,-14.73,16.29
392065416452,2025-08-19,5,27,31.02,-14.73,16.29
394480544871,2025-10-30,5,27,31.02,-14.73,16.29
394975243507,2025-11-11,5,27,31.02,-14.73,16.29
395319952441,2025-11-27,5,27,31.02,-14.73,16.29
395948408834,2025-12-09,5,27,31.02,-14.73,16.29
390325713659,2025-07-01,5,28,32.84,-15.59,17.25
390356863596,2025-07-01,5,28,32.84,-15.59,17.25
390553805008,2025-07-08,5,28,32.84,-15.59,17.25
390609375794,2025-07-08,5,28,32.84,-15.59,17.25
391045288881,2025-07-22,5,28,32.84,-15.6,17.24
391967961975,2025-08-19,5,28,32.84,-15.59,17.25
394822833712,2025-11-13,5,28,32.84,-15.6,17.24
395094042730,2025-11-20,5,28,32.84,-15.6,17.24
396341651478,2025-12-16,5,28,32.84,-15.6,17.24
396830921929,2025-12-25,5,28,32.84,-15.6,17.24
390170377152,2025-07-03,5,29,32.86,-15.61,17.25
390782920870,2025-07-17,5,29,32.86,-15.6,17.26
392294548670,2025-08-26,5,29,32.86,-15.6,17.26
392304077302,2025-08-28,5,29,32.86,-15.6,17.26
392316349532,2025-08-26,5,29,32.86,-15.6,17.26
393366115779,2025-10-02,5,29,32.86,-15.6,17.26
394568295497,2025-11-06,5,29,32.86,-15.61,17.25
394685654688,2025-11-06,5,29,32.86,-15.61,17.25
390371345365,2025-07-01,5,31,34.59,-17.12,17.47
390402642209,2025-07-10,5,31,34.59,-17.12,17.47
391123986350,2025-07-29,5,31,34.59,-17.12,17.47
393814897800,2025-10-16,5,31,34.59,-17.12,17.47
396453688118,2025-12-16,5,31,34.59,-17.12,17.47
396601268411,2025-12-25,5,31,34.59,-17.12,17.47
396259882530,2025-12-18,5,35,38.39,-19.0,19.39
390137751154,2025-07-03,5,37,40.21,-19.9,20.31
390809706779,2025-07-17,5,37,40.21,-19.9,20.31
395247631270,2025-11-18,5,37,40.21,-19.9,20.31
392806864090,2025-09-11,5,38,41.18,-20.38,20.8
391798177656,2025-08-21,5,40,42.46,-22.5,19.96
391839820400,2025-08-21,5,40,42.46,-22.5,19.96
391882560107,2025-08-21,5,40,42.46,-22.5,19.96
391882585317,2025-08-21,5,40,42.46,-22.5,19.96
391891145843,2025-08-21,5,40,42.46,-22.5,19.96
391909253519,2025-08-21,5,40,42.46,-22.5,19.96
391913586956,2025-08-21,5,40,42.46,-22.5,19.96
391914790078,2025-08-21,5,40,42.46,-22.5,19.96
391915036527,2025-08-21,5,40,42.46,-22.5,19.96
391917203707,2025-08-21,5,40,42.46,-22.5,19.96
391264760817,2025-07-31,5,41,43.97,-21.77,22.2
391267806513,2025-07-31,5,41,43.97,-21.77,22.2
391586590953,2025-08-14,5,41,43.97,-21.77,22.2
391628651021,2025-08-12,5,41,43.97,-21.77,22.2
391793698943,2025-08-14,5,41,43.97,-21.77,22.2
391804058234,2025-08-14,5,41,43.97,-21.77,22.2
391976338346,2025-08-19,5,41,43.97,-21.76,22.21
392065054897,2025-08-19,5,41,43.97,-21.76,22.21
392065332261,2025-08-19,5,41,43.97,-21.76,22.21
392067554595,2025-08-19,5,41,43.97,-21.76,22.21
390210588678,2025-07-01,5,42,44.11,-21.83,22.28
390536219998,2025-07-10,5,42,44.11,-21.83,22.28
394855109158,2025-11-11,5,42,44.11,-21.83,22.28
395415343540,2025-11-25,5,42,44.11,-21.83,22.28
395477946224,2025-11-27,5,42,44.11,-21.83,22.28
396901324090,2025-12-30,5,42,44.11,-21.83,22.28
391366756945,2025-08-05,5,43,46.36,-22.94,23.42
390933636684,2025-07-22,5,45,47.2,-23.36,23.84
391086705260,2025-07-22,5,45,47.2,-23.36,23.84
391130452100,2025-07-29,5,45,47.2,-23.36,23.84
391777812318,2025-08-12,5,45,47.2,-23.36,23.84
391418163253,2025-08-07,5,46,48.1,-23.8,24.3
396825166084,2025-12-30,5,46,48.1,-23.8,24.3
396950581089,2025-12-30,5,46,48.1,-23.8,24.3
395848797864,2025-12-11,5,47,48.44,-23.97,24.47
390211178216,2025-07-01,5,48,50.19,-24.84,25.35
390640457268,2025-07-15,5,48,50.19,-24.84,25.35
390757612840,2025-07-17,5,48,50.19,-24.84,25.35
390947287728,2025-07-24,5,48,50.19,-24.84,25.35
391049964992,2025-07-22,5,48,50.19,-24.84,25.35
394122434650,2025-10-23,5,48,50.19,-24.84,25.35
395569754872,2025-12-02,5,48,50.19,-24.84,25.35
395985327658,2025-12-09,5,48,50.19,-24.84,25.35
396372162779,2025-12-18,5,48,50.19,-24.84,25.35
395667602173,2025-12-09,5,49,50.2,-24.84,25.36
395678169681,2025-12-09,5,49,50.2,-24.84,25.36
395873390344,2025-12-09,5,49,50.2,-24.84,25.36
395873457598,2025-12-09,5,49,50.2,-24.84,25.36
390923265597,2025-07-22,5,55,51.11,-25.29,25.82
391180413997,2025-07-31,5,55,51.11,-25.29,25.82
390890373824,2025-07-22,5,59,52.7,-26.08,26.62
390370133006,2025-07-08,5,61,54.69,-27.06,27.63
396610340655,2025-12-30,5,61,54.69,-27.07,27.62
395273729659,2025-11-20,5,62,56.23,-27.83,28.4
390892393325,2025-07-22,5,65,56.28,-27.85,28.43
390258553597,2025-07-01,5,70,60.89,-30.13,30.76
390895305671,2025-07-22,5,70,60.89,-30.14,30.75
390332617105,2025-07-03,5,90,76.87,-38.05,38.82
391791421360,2025-08-12,5,90,76.87,-38.04,38.83
391989401319,2025-08-21,5,90,76.87,-38.04,38.83
392073191300,2025-08-21,5,90,76.87,-38.04,38.83
392320639290,2025-08-26,5,90,76.87,-38.04,38.83
394776741060,2025-11-04,5,90,76.87,-38.04,38.83
395938406326,2025-12-18,5,90,76.87,-38.04,38.83
396198653110,2025-12-18,5,90,76.87,-38.04,38.83
396239883590,2025-12-18,5,90,76.87,-38.04,38.83
396312120961,2025-12-18,5,90,76.87,-38.04,38.83
391432023022,2025-08-21,6,1,13.72,-5.28,8.44
391584744280,2025-08-21,6,1,13.72,-5.28,8.44
391752208094,2025-08-21,6,1,13.72,-5.28,8.44
391752287717,2025-08-21,6,1,13.72,-5.28,8.44
391780036684,2025-08-21,6,1,13.72,-5.28,8.44
391787759704,2025-08-21,6,1,13.72,-5.28,8.44
391787818887,2025-08-21,6,1,13.72,-5.28,8.44
391798319980,2025-08-21,6,1,13.72,-5.28,8.44
391801219325,2025-08-21,6,1,13.72,-5.28,8.44
391802049226,2025-08-21,6,1,13.72,-5.28,8.44
391753088541,2025-08-21,6,2,15.49,-5.97,9.52
391761625243,2025-08-21,6,2,15.49,-5.97,9.52
391796656626,2025-08-21,6,2,15.49,-5.97,9.52
391803741551,2025-08-21,6,2,15.49,-5.97,9.52
391804677177,2025-08-21,6,2,15.49,-5.97,9.52
391804999055,2025-08-21,6,2,15.49,-5.97,9.52
391806091486,2025-08-21,6,2,15.49,-5.97,9.52
391806431047,2025-08-21,6,2,15.49,-5.97,9.52
391807040530,2025-08-21,6,2,15.49,-5.97,9.52
391828338216,2025-08-21,6,2,15.49,-5.97,9.52
391753442345,2025-08-21,6,3,16.58,-6.38,10.2
391792611522,2025-08-21,6,3,16.58,-6.38,10.2
391824267203,2025-08-21,6,3,16.58,-6.38,10.2
391825007790,2025-08-21,6,3,16.58,-6.38,10.2
391830364772,2025-08-21,6,3,16.58,-6.38,10.2
391832889945,2025-08-21,6,3,16.58,-6.38,10.2
391840528266,2025-08-21,6,3,16.58,-6.38,10.2
391866878730,2025-08-21,6,3,16.58,-6.38,10.2
391869257892,2025-08-21,6,3,16.58,-6.38,10.2
391870563797,2025-08-21,6,3,16.58,-6.38,10.2
391804520278,2025-08-21,6,4,17.27,-6.64,10.63
391806510340,2025-08-21,6,4,17.27,-6.64,10.63
391834830876,2025-08-21,6,4,17.27,-6.64,10.63
391844727709,2025-08-21,6,4,17.27,-6.64,10.63
391847234728,2025-08-21,6,4,17.27,-6.64,10.63
391870164553,2025-08-21,6,4,17.27,-6.64,10.63
391885242771,2025-08-21,6,4,17.27,-6.64,10.63
391887950462,2025-08-21,6,4,17.27,-6.64,10.63
391888061494,2025-08-21,6,4,17.27,-6.64,10.63
391909640612,2025-08-21,6,4,17.27,-6.64,10.63
391781007147,2025-08-21,6,5,18.26,-7.03,11.23
391792864587,2025-08-21,6,5,18.26,-7.03,11.23
391798372720,2025-08-21,6,5,18.26,-7.03,11.23
391805315681,2025-08-21,6,5,18.26,-7.03,11.23
391824207311,2025-08-21,6,5,18.26,-7.03,11.23
391824938320,2025-08-21,6,5,18.26,-7.03,11.23
391826139236,2025-08-21,6,5,18.26,-7.03,11.23
391826430190,2025-08-21,6,5,18.26,-7.03,11.23
391827976846,2025-08-21,6,5,18.26,-7.03,11.23
391832447422,2025-08-21,6,5,18.26,-7.03,11.23
390136981178,2025-07-03,6,6,18.28,-7.4,10.88
390144672015,2025-07-03,6,6,18.28,-7.4,10.88
390170417892,2025-07-03,6,6,18.28,-7.4,10.88
390171849369,2025-07-03,6,6,18.28,-7.4,10.88
391835349844,2025-08-21,6,6,18.28,-7.4,10.88
391875062836,2025-08-21,6,6,18.28,-7.4,10.88
391876552710,2025-08-21,6,6,18.28,-7.4,10.88
391914479410,2025-08-21,6,6,18.28,-7.4,10.88
391998988010,2025-08-21,6,6,18.28,-7.4,10.88
392051475260,2025-08-21,6,6,18.28,-7.4,10.88
391790091120,2025-08-21,6,7,18.61,-7.54,11.07
391806121276,2025-08-21,6,7,18.61,-7.54,11.07
391823625771,2025-08-21,6,7,18.61,-7.54,11.07
391831380683,2025-08-21,6,7,18.61,-7.54,11.07
391869125357,2025-08-21,6,7,18.61,-7.54,11.07
391870546485,2025-08-21,6,7,18.61,-7.54,11.07
391873987393,2025-08-21,6,7,18.61,-7.54,11.07
391886615889,2025-08-21,6,7,18.61,-7.54,11.07
391889163842,2025-08-21,6,7,18.61,-7.54,11.07
391890116071,2025-08-21,6,7,18.61,-7.54,11.07
391184563967,2025-08-21,6,8,19.36,-7.84,11.52
391735342891,2025-08-21,6,8,19.36,-7.84,11.52
391783105367,2025-08-21,6,8,19.36,-7.84,11.52
391806574112,2025-08-21,6,8,19.36,-7.84,11.52
391825129846,2025-08-21,6,8,19.36,-7.84,11.52
391836739921,2025-08-21,6,8,19.36,-7.84,11.52
391846911741,2025-08-21,6,8,19.36,-7.84,11.52
391873867230,2025-08-21,6,8,19.36,-7.84,11.52
391877246404,2025-08-21,6,8,19.36,-7.84,11.52
391878108017,2025-08-21,6,8,19.36,-7.84,11.52
391866755530,2025-08-21,6,9,19.77,-8.01,11.76
391867227945,2025-08-21,6,9,19.77,-8.01,11.76
391867301742,2025-08-21,6,9,19.77,-8.01,11.76
391890740392,2025-08-21,6,9,19.77,-8.01,11.76
391891530429,2025-08-21,6,9,19.77,-8.01,11.76
391908877858,2025-08-21,6,9,19.77,-8.01,11.76
391916484570,2025-08-21,6,9,19.77,-8.01,11.76
391993052399,2025-08-21,6,9,19.77,-8.0,11.77
391997317060,2025-08-21,6,9,19.77,-8.0,11.77
392000018620,2025-08-21,6,9,19.77,-8.0,11.77
391756882864,2025-08-21,6,10,20.0,-8.1,11.9
391843336165,2025-08-21,6,10,20.0,-8.1,11.9
391846536928,2025-08-21,6,10,20.0,-8.1,11.9
391866966967,2025-08-21,6,10,20.0,-8.1,11.9
391873068978,2025-08-21,6,10,20.0,-8.1,11.9
391881984212,2025-08-21,6,10,20.0,-8.1,11.9
391888076409,2025-08-21,6,10,20.0,-8.1,11.9
391891295450,2025-08-21,6,10,20.0,-8.1,11.9
391988614822,2025-08-21,6,10,20.0,-8.1,11.9
392039020218,2025-08-21,6,10,20.0,-8.1,11.9
391804896178,2025-08-21,6,11,20.91,-9.1,11.81
391831040306,2025-08-21,6,11,20.91,-9.1,11.81
391843276188,2025-08-21,6,11,20.91,-9.1,11.81
391872117127,2025-08-21,6,11,20.91,-9.1,11.81
391922150400,2025-08-21,6,11,20.91,-9.1,11.81
391980614795,2025-08-21,6,11,20.91,-9.09,11.82
391983087315,2025-08-21,6,11,20.91,-9.09,11.82
391986421469,2025-08-21,6,11,20.91,-9.09,11.82
391987448130,2025-08-21,6,11,20.91,-9.09,11.82
391998963039,2025-08-21,6,11,20.91,-9.09,11.82
390125804147,2025-07-03,6,12,21.64,-9.41,12.23
390137362367,2025-07-03,6,12,21.64,-9.41,12.23
390138886412,2025-07-03,6,12,21.64,-9.41,12.23
391840110458,2025-08-21,6,12,21.64,-9.41,12.23
391848241678,2025-08-21,6,12,21.64,-9.41,12.23
391872000942,2025-08-21,6,12,21.64,-9.41,12.23
391928444239,2025-08-21,6,12,21.64,-9.41,12.23
391993566458,2025-08-21,6,12,21.64,-9.41,12.23
392007831005,2025-08-21,6,12,21.64,-9.41,12.23
392053650380,2025-08-21,6,12,21.64,-9.41,12.23
390179904849,2025-07-03,6,13,22.31,-9.7,12.61
390213662945,2025-07-03,6,13,22.31,-9.7,12.61
390216748553,2025-07-03,6,13,22.31,-9.7,12.61
390293852903,2025-07-03,6,13,22.31,-9.7,12.61
391070779414,2025-07-31,6,13,22.31,-9.71,12.6
391138907970,2025-07-31,6,13,22.31,-9.71,12.6
391832984854,2025-08-21,6,13,22.31,-9.71,12.6
391915940167,2025-08-21,6,13,22.31,-9.71,12.6
392050275670,2025-08-21,6,13,22.31,-9.7,12.61
392052748559,2025-08-21,6,13,22.31,-9.7,12.61
390171929749,2025-07-03,6,14,23.62,-10.28,13.34
390206308720,2025-07-03,6,14,23.62,-10.28,13.34
390216659580,2025-07-03,6,14,23.62,-10.28,13.34
390614839376,2025-07-15,6,14,23.62,-10.28,13.34
390623892371,2025-07-17,6,14,23.62,-10.28,13.34
390625952719,2025-07-17,6,14,23.62,-10.28,13.34
390663462316,2025-07-17,6,14,23.62,-10.28,13.34
390723371843,2025-07-15,6,14,23.62,-10.28,13.34
391655951251,2025-08-12,6,14,23.62,-10.27,13.35
391821045190,2025-08-12,6,14,23.62,-10.27,13.35
390180163438,2025-07-03,6,15,24.92,-10.84,14.08
390216852180,2025-07-03,6,15,24.92,-10.84,14.08
390338617651,2025-07-03,6,15,24.92,-10.84,14.08
390582439402,2025-07-17,6,15,24.92,-10.84,14.08
390623382712,2025-07-17,6,15,24.92,-10.84,14.08
390623529224,2025-07-17,6,15,24.92,-10.84,14.08
390649173962,2025-07-17,6,15,24.92,-10.84,14.08
390653823926,2025-07-17,6,15,24.92,-10.84,14.08
390717329395,2025-07-15,6,15,24.92,-10.84,14.08
391789751842,2025-08-12,6,15,24.92,-10.83,14.09
390162763457,2025-07-03,6,16,25.72,-11.19,14.53
390217262972,2025-07-03,6,16,25.72,-11.19,14.53
390374030812,2025-07-03,6,16,25.72,-11.19,14.53
390644457594,2025-07-17,6,16,25.72,-11.19,14.53
390716406644,2025-07-15,6,16,25.72,-11.19,14.53
391239716577,2025-07-31,6,16,25.72,-11.19,14.53
391305872162,2025-07-31,6,16,25.72,-11.19,14.53
391546719543,2025-08-12,6,16,25.72,-11.19,14.53
391924187341,2025-08-21,6,16,25.72,-11.19,14.53
392030871691,2025-08-21,6,16,25.72,-11.18,14.54
390086267410,2025-07-03,6,17,26.82,-11.67,15.15
390449762304,2025-07-08,6,17,26.82,-11.67,15.15
390571528168,2025-07-15,6,17,26.82,-11.67,15.15
390602073917,2025-07-17,6,17,26.82,-11.67,15.15
390617658386,2025-07-15,6,17,26.82,-11.67,15.15
391611582776,2025-08-12,6,17,26.82,-11.66,15.16
391664463750,2025-08-12,6,17,26.82,-11.66,15.16
391910950784,2025-08-21,6,17,26.82,-11.66,15.16
392006426502,2025-08-21,6,17,26.82,-11.67,15.15
396342063655,2025-12-18,6,17,26.82,-11.66,15.16
390451247583,2025-07-10,6,18,28.22,-12.28,15.94
390661643450,2025-07-17,6,18,28.22,-12.28,15.94
390852102722,2025-07-22,6,18,28.22,-12.27,15.95
394300851595,2025-10-30,6,18,28.22,-12.27,15.95
395333105242,2025-12-04,6,18,28.22,-12.27,15.95
395922249699,2025-12-18,6,18,28.22,-12.27,15.95
395939184682,2025-12-11,6,18,28.22,-12.27,15.95
396075734401,2025-12-25,6,18,28.22,-12.27,15.95
396134537820,2025-12-18,6,18,28.22,-12.27,15.95
396152500693,2025-12-18,6,18,28.22,-12.27,15.95
390322983607,2025-07-03,6,19,29.05,-12.63,16.42
390580763994,2025-07-15,6,19,29.05,-12.63,16.42
390727885242,2025-07-15,6,19,29.05,-12.63,16.42
391190443924,2025-07-31,6,19,29.05,-12.63,16.42
391270650852,2025-07-31,6,19,29.05,-12.63,16.42
391314684669,2025-07-31,6,19,29.05,-12.63,16.42
391625138216,2025-08-12,6,19,29.05,-12.63,16.42
391820189910,2025-08-12,6,19,29.05,-12.63,16.42
392067801340,2025-08-19,6,19,29.05,-12.63,16.42
392115256036,2025-08-26,6,19,29.05,-12.63,16.42
390274456924,2025-07-03,6,20,30.04,-13.06,16.98
390580437110,2025-07-15,6,20,30.04,-13.06,16.98
390646768000,2025-07-15,6,20,30.04,-13.06,16.98
390651429942,2025-07-15,6,20,30.04,-13.06,16.98
390727921461,2025-07-15,6,20,30.04,-13.06,16.98
390729400680,2025-07-15,6,20,30.04,-13.06,16.98
391179969500,2025-07-31,6,20,30.04,-13.06,16.98
391569763036,2025-08-12,6,20,30.04,-13.06,16.98
391613797284,2025-08-12,6,20,30.04,-13.06,16.98
391784976828,2025-08-12,6,20,30.04,-13.06,16.98
390379023591,2025-07-08,6,21,30.98,-14.71,16.27
390420526687,2025-07-10,6,21,30.98,-14.71,16.27
390628142141,2025-07-17,6,21,30.98,-14.71,16.27
390638070426,2025-07-15,6,21,30.98,-14.71,16.27
390728082097,2025-07-15,6,21,30.98,-14.71,16.27
391096542904,2025-07-31,6,21,30.98,-14.71,16.27
391783324130,2025-08-14,6,21,30.98,-14.71,16.27
395865137800,2025-12-18,6,21,30.98,-14.71,16.27
395959335843,2025-12-18,6,21,30.98,-14.71,16.27
396235119039,2025-12-25,6,21,30.98,-14.71,16.27
390371899704,2025-07-03,6,22,32.24,-15.31,16.93
390810232456,2025-07-17,6,22,32.24,-15.31,16.93
390844565097,2025-07-17,6,22,32.24,-15.31,16.93
391179946543,2025-07-31,6,22,32.24,-15.31,16.93
391626949314,2025-08-12,6,22,32.24,-15.31,16.93
391830372690,2025-08-19,6,22,32.24,-15.31,16.93
392022377562,2025-08-19,6,22,32.24,-15.31,16.93
392038219691,2025-08-21,6,22,32.24,-15.31,16.93
392218434289,2025-08-26,6,22,32.24,-15.31,16.93
392230562216,2025-08-26,6,22,32.24,-15.31,16.93
390172686905,2025-07-03,6,23,33.46,-15.89,17.57
390173156537,2025-07-03,6,23,33.46,-15.89,17.57
390173158415,2025-07-03,6,23,33.46,-15.89,17.57
390319720909,2025-07-03,6,23,33.46,-15.89,17.57
390609753551,2025-07-17,6,23,33.46,-15.89,17.57
390717913820,2025-07-15,6,23,33.46,-15.89,17.57
390837367520,2025-07-15,6,23,33.46,-15.89,17.57
396145395825,2025-12-18,6,23,33.46,-15.89,17.57
396349289357,2025-12-18,6,23,33.46,-15.89,17.57
396531335971,2025-12-18,6,23,33.46,-15.89,17.57
391152757137,2025-07-31,6,24,35.05,-16.64,18.41
392152159130,2025-08-26,6,24,35.05,-16.64,18.41
392274030904,2025-08-26,6,24,35.05,-16.64,18.41
394574227992,2025-11-04,6,24,35.05,-16.65,18.4
395317188389,2025-11-27,6,24,35.05,-16.65,18.4
395554125888,2025-12-11,6,24,35.05,-16.65,18.4
396120542499,2025-12-18,6,24,35.05,-16.65,18.4
396370411111,2025-12-18,6,24,35.05,-16.65,18.4
396437349767,2025-12-18,6,24,35.05,-16.65,18.4
396695090021,2025-12-25,6,24,35.05,-16.65,18.4
390537850298,2025-07-10,6,25,36.07,-17.13,18.94
391868361891,2025-08-19,6,25,36.07,-17.13,18.94
392112622636,2025-08-26,6,25,36.07,-17.13,18.94
392466874523,2025-09-02,6,25,36.07,-17.13,18.94
392831753540,2025-09-18,6,25,36.07,-17.13,18.94
395395536104,2025-12-04,6,25,36.07,-17.13,18.94
395594564353,2025-12-04,6,25,36.07,-17.13,18.94
395686870936,2025-12-11,6,25,36.07,-17.13,18.94
395851516210,2025-12-11,6,25,36.07,-17.13,18.94
396700785940,2025-12-25,6,25,36.07,-17.13,18.94
390576490574,2025-07-15,6,26,37.38,-17.75,19.63
393074555269,2025-09-25,6,26,37.38,-17.75,19.63
395322565907,2025-11-27,6,26,37.38,-17.75,19.63
390620700942,2025-07-15,6,27,38.89,-18.47,20.42
393065513875,2025-09-18,6,27,38.89,-18.47,20.42
393649969136,2025-10-09,6,27,38.89,-18.47,20.42
396476579604,2025-12-25,6,27,38.89,-18.47,20.42
390407610293,2025-07-08,6,28,40.79,-19.37,21.42
390660320384,2025-07-17,6,28,40.79,-19.37,21.42
391324779457,2025-07-29,6,28,40.79,-19.38,21.41
391737189235,2025-08-14,6,28,40.79,-19.38,21.41
392358856475,2025-09-02,6,28,40.79,-19.37,21.42
394246882192,2025-10-23,6,28,40.79,-19.37,21.42
396339443257,2025-12-18,6,28,40.79,-19.37,21.42
396677541668,2025-12-25,6,28,40.79,-19.37,21.42
392019860027,2025-08-26,6,29,41.95,-19.92,22.03
392996777695,2025-09-18,6,29,41.95,-19.92,22.03
393367820968,2025-10-02,6,29,41.95,-19.92,22.03
391348854133,2025-07-31,6,30,42.63,-20.24,22.39
391744876615,2025-08-14,6,30,42.63,-20.24,22.39
393525234246,2025-10-02,6,30,42.63,-20.25,22.38
393552498680,2025-10-09,6,30,42.63,-20.25,22.38
390176674767,2025-07-03,6,31,43.87,-21.72,22.15
390504792175,2025-07-08,6,31,43.87,-21.72,22.15
391367231727,2025-08-05,6,31,43.87,-21.71,22.16
390281021883,2025-07-01,6,32,43.88,-21.71,22.17
390333751794,2025-07-08,6,32,43.88,-21.71,22.17
391369254179,2025-08-05,6,32,43.88,-21.72,22.16
392112239413,2025-08-26,6,32,43.88,-21.72,22.16
393369705979,2025-10-02,6,32,43.88,-21.72,22.16
393958438504,2025-10-16,6,33,46.64,-23.08,23.56
395282409859,2025-11-27,6,33,46.64,-23.08,23.56
394301072911,2025-10-30,6,34,46.65,-23.09,23.56
391054663894,2025-07-24,6,37,49.66,-24.58,25.08
390412878949,2025-07-10,6,39,53.09,-26.27,26.82
390778629260,2025-07-15,6,39,53.09,-26.27,26.82
390778645255,2025-07-15,6,39,53.09,-26.27,26.82
391023468192,2025-07-24,6,39,53.09,-26.27,26.82
392914293676,2025-09-18,6,39,53.09,-26.28,26.81
391315888335,2025-08-21,6,40,53.16,-28.17,24.99
391782003424,2025-08-21,6,40,53.16,-28.17,24.99
391828200540,2025-08-21,6,40,53.16,-28.17,24.99
391836738112,2025-08-21,6,40,53.16,-28.17,24.99
391837359929,2025-08-21,6,40,53.16,-28.17,24.99
391847836598,2025-08-21,6,40,53.16,-28.17,24.99
391870219678,2025-08-21,6,40,53.16,-28.17,24.99
391871082203,2025-08-21,6,40,53.16,-28.17,24.99
391876811134,2025-08-21,6,40,53.16,-28.17,24.99
391877064740,2025-08-21,6,40,53.16,-28.17,24.99
391193633078,2025-07-31,6,41,55.37,-27.41,27.96
391568465300,2025-08-12,6,41,55.37,-27.41,27.96
391788287199,2025-08-12,6,41,55.37,-27.41,27.96
391841425514,2025-08-21,6,41,55.37,-27.41,27.96
391985038088,2025-08-19,6,41,55.37,-27.4,27.97
392023849790,2025-08-19,6,41,55.37,-27.4,27.97
392318572870,2025-08-26,6,41,55.37,-27.4,27.97
394301815641,2025-10-30,6,41,55.37,-27.4,27.97
396320360752,2025-12-18,6,41,55.37,-27.4,27.97
396343449383,2025-12-18,6,41,55.37,-27.4,27.97
390526687248,2025-07-08,6,42,55.62,-27.53,28.09
391737034306,2025-08-14,6,42,55.62,-27.52,28.1
392107140150,2025-08-26,6,42,55.62,-27.53,28.09
392139051551,2025-08-28,6,42,55.62,-27.53,28.09
395460066400,2025-12-04,6,42,55.62,-27.53,28.09
396668541170,2025-12-25,6,42,55.62,-27.53,28.09
391412611825,2025-08-05,6,43,58.64,-29.02,29.62
391909252946,2025-08-19,6,43,58.64,-29.02,29.62
392108115969,2025-08-26,6,43,58.64,-29.02,29.62
396654065292,2025-12-25,6,43,58.64,-29.02,29.62
391527522972,2025-08-05,6,44,58.98,-29.19,29.79
393323978338,2025-10-02,6,44,58.98,-29.19,29.79
393393838154,2025-10-02,6,44,58.98,-29.19,29.79
391817128175,2025-08-19,6,45,59.0,-29.2,29.8
392256651277,2025-09-04,6,45,59.0,-29.2,29.8
392366392077,2025-09-04,6,45,59.0,-29.2,29.8
392759234243,2025-09-11,6,45,59.0,-29.2,29.8
392833568551,2025-09-18,6,45,59.0,-29.2,29.8
395097213100,2025-11-20,6,45,59.0,-29.2,29.8
396775415017,2025-12-23,6,45,59.0,-29.2,29.8
396782858284,2025-12-23,6,45,59.0,-29.2,29.8
390069751488,2025-07-01,6,46,60.56,-29.97,30.59
391324060850,2025-08-05,6,46,60.56,-29.97,30.59
392820318036,2025-09-18,6,46,60.56,-29.98,30.58
394279520577,2025-10-30,6,46,60.56,-29.97,30.59
390809447667,2025-07-17,6,47,61.38,-30.38,31.0
394529570038,2025-11-06,6,47,61.38,-30.38,31.0
395103384950,2025-11-20,6,47,61.38,-30.38,31.0
395105582154,2025-11-20,6,47,61.38,-30.38,31.0
395345767836,2025-11-27,6,47,61.38,-30.38,31.0
390082621387,2025-07-01,6,48,62.29,-30.83,31.46
390319212962,2025-07-08,6,48,62.29,-30.83,31.46
390401477543,2025-07-08,6,48,62.29,-30.83,31.46
390450131060,2025-07-10,6,48,62.29,-30.83,31.46
390893726358,2025-07-22,6,48,62.29,-30.83,31.46
390916272196,2025-07-22,6,48,62.29,-30.83,31.46
391016052536,2025-07-31,6,48,62.29,-30.83,31.46
391187307066,2025-07-31,6,48,62.29,-30.83,31.46
390219685360,2025-07-03,6,49,62.76,-31.06,31.7
390219718928,2025-07-03,6,49,62.76,-31.06,31.7
390219723607,2025-07-03,6,49,62.76,-31.06,31.7
393149715652,2025-09-25,6,49,62.76,-31.06,31.7
393310211957,2025-10-02,6,49,62.76,-31.06,31.7
394130615647,2025-10-23,6,49,62.76,-31.06,31.7
394259402952,2025-10-23,6,49,62.76,-31.06,31.7
395319355775,2025-11-27,6,49,62.76,-31.06,31.7
395319648771,2025-11-27,6,49,62.76,-31.06,31.7
395620527419,2025-12-04,6,49,62.76,-31.06,31.7
391282009500,2025-07-29,6,50,63.3,-31.33,31.97
391324271717,2025-08-05,6,50,63.3,-31.33,31.97
395439212855,2025-11-27,6,50,63.3,-31.33,31.97
390412981374,2025-07-10,6,51,64.09,-31.72,32.37
392089832479,2025-08-28,6,51,64.09,-31.72,32.37
390327515280,2025-07-10,6,52,64.1,-31.72,32.38
390327654074,2025-07-10,6,52,64.1,-31.72,32.38
392299223603,2025-09-04,6,52,64.1,-31.72,32.38
392919635459,2025-09-18,6,52,64.1,-31.72,32.38
392089640405,2025-08-28,6,54,64.13,-31.74,32.39
390651101529,2025-07-15,6,55,64.14,-31.74,32.4
390788813175,2025-07-17,6,56,64.16,-31.75,32.41
390789223945,2025-07-17,6,56,64.16,-31.75,32.41
390887216200,2025-07-22,6,58,64.19,-31.77,32.42
391240589055,2025-07-29,6,58,64.19,-31.77,32.42
391281131427,2025-07-29,6,61,65.85,-32.59,33.26
392967220251,2025-09-18,6,64,67.8,-33.55,34.25
392967300642,2025-09-18,6,64,67.8,-33.55,34.25
392967306180,2025-09-18,6,64,67.8,-33.55,34.25
390565802377,2025-07-10,6,66,68.44,-33.87,34.57
392986382317,2025-09-25,6,73,74.22,-36.73,37.49
392986901559,2025-09-25,6,73,74.22,-36.73,37.49
393079170340,2025-09-25,6,73,74.22,-36.73,37.49
393079289786,2025-09-25,6,73,74.22,-36.73,37.49
393079296685,2025-09-25,6,73,74.22,-36.73,37.49
390662827455,2025-07-17,6,90,91.45,-45.26,46.19
390662864346,2025-07-17,6,90,91.45,-45.26,46.19
390663054475,2025-07-17,6,90,91.45,-45.26,46.19
391155263984,2025-07-31,6,90,91.45,-45.26,46.19
391805655216,2025-08-21,6,90,91.45,-45.26,46.19
391881783195,2025-08-21,6,90,91.45,-45.26,46.19
391921642145,2025-08-21,6,90,91.45,-45.26,46.19
392227049804,2025-08-26,6,90,91.45,-45.26,46.19
396189307233,2025-12-18,6,90,91.45,-45.26,46.19
396205494084,2025-12-18,6,90,91.45,-45.26,46.19
391744937507,2025-08-21,7,1,13.93,-5.36,8.57
391757383360,2025-08-21,7,1,13.93,-5.36,8.57
391758835769,2025-08-21,7,1,13.93,-5.36,8.57
391760090175,2025-08-21,7,1,13.93,-5.36,8.57
391780958617,2025-08-21,7,1,13.93,-5.36,8.57
391787425627,2025-08-21,7,1,13.93,-5.36,8.57
391787694200,2025-08-21,7,1,13.93,-5.36,8.57
391788041548,2025-08-21,7,1,13.93,-5.36,8.57
391792562781,2025-08-21,7,1,13.93,-5.36,8.57
391804956784,2025-08-21,7,1,13.93,-5.36,8.57
391489670891,2025-08-21,7,2,16.13,-6.21,9.92
391780543738,2025-08-21,7,2,16.13,-6.21,9.92
391781456157,2025-08-21,7,2,16.13,-6.21,9.92
391781651952,2025-08-21,7,2,16.13,-6.21,9.92
391788786900,2025-08-21,7,2,16.13,-6.21,9.92
391796923861,2025-08-21,7,2,16.13,-6.21,9.92
391800657353,2025-08-21,7,2,16.13,-6.21,9.92
391801067788,2025-08-21,7,2,16.13,-6.21,9.92
391801500108,2025-08-21,7,2,16.13,-6.21,9.92
391802229403,2025-08-21,7,2,16.13,-6.21,9.92
391752595654,2025-08-21,7,3,17.2,-6.62,10.58
391759244730,2025-08-21,7,3,17.2,-6.62,10.58
391761685098,2025-08-21,7,3,17.2,-6.62,10.58
391786050860,2025-08-21,7,3,17.2,-6.62,10.58
391797490552,2025-08-21,7,3,17.2,-6.62,10.58
391803677332,2025-08-21,7,3,17.2,-6.62,10.58
391831142161,2025-08-21,7,3,17.2,-6.62,10.58
391831808073,2025-08-21,7,3,17.2,-6.62,10.58
391835497069,2025-08-21,7,3,17.2,-6.62,10.58
391837325894,2025-08-21,7,3,17.2,-6.62,10.58
391800227338,2025-08-21,7,4,18.47,-7.11,11.36
391803098356,2025-08-21,7,4,18.47,-7.11,11.36
391805234055,2025-08-21,7,4,18.47,-7.11,11.36
391841076250,2025-08-21,7,4,18.47,-7.11,11.36
391909252030,2025-08-21,7,4,18.47,-7.11,11.36
391924021573,2025-08-21,7,4,18.47,-7.11,11.36
391925714073,2025-08-21,7,4,18.47,-7.11,11.36
391928268171,2025-08-21,7,4,18.47,-7.11,11.36
391985574470,2025-08-21,7,4,18.47,-7.11,11.36
391999987904,2025-08-21,7,4,18.47,-7.11,11.36
391539528746,2025-08-21,7,5,19.33,-7.44,11.89
391785164277,2025-08-21,7,5,19.33,-7.44,11.89
391793383449,2025-08-21,7,5,19.33,-7.44,11.89
391796300544,2025-08-21,7,5,19.33,-7.44,11.89
391801399277,2025-08-21,7,5,19.33,-7.44,11.89
391806039963,2025-08-21,7,5,19.33,-7.44,11.89
391806819470,2025-08-21,7,5,19.33,-7.44,11.89
391825681498,2025-08-21,7,5,19.33,-7.44,11.89
391827834891,2025-08-21,7,5,19.33,-7.44,11.89
391832324554,2025-08-21,7,5,19.33,-7.44,11.89
390088977158,2025-07-03,7,6,19.34,-7.83,11.51
390141243729,2025-07-03,7,6,19.34,-7.83,11.51
390144065602,2025-07-03,7,6,19.34,-7.83,11.51
390170429164,2025-07-03,7,6,19.34,-7.83,11.51
390216188767,2025-07-03,7,6,19.34,-7.83,11.51
391071433866,2025-07-31,7,6,19.34,-7.83,11.51
391804568125,2025-08-21,7,6,19.34,-7.83,11.51
391869992713,2025-08-21,7,6,19.34,-7.83,11.51
391921357687,2025-08-21,7,6,19.34,-7.83,11.51
391922890929,2025-08-21,7,6,19.34,-7.83,11.51
391749157689,2025-08-21,7,7,19.86,-8.04,11.82
391761330461,2025-08-21,7,7,19.86,-8.04,11.82
391790982792,2025-08-21,7,7,19.86,-8.04,11.82
391803824735,2025-08-21,7,7,19.86,-8.04,11.82
391804491587,2025-08-21,7,7,19.86,-8.04,11.82
391806801994,2025-08-21,7,7,19.86,-8.04,11.82
391806828648,2025-08-21,7,7,19.86,-8.04,11.82
391806864690,2025-08-21,7,7,19.86,-8.04,11.82
391831953907,2025-08-21,7,7,19.86,-8.04,11.82
391836629940,2025-08-21,7,7,19.86,-8.04,11.82
391806016274,2025-08-21,7,8,20.66,-8.37,12.29
391840536600,2025-08-21,7,8,20.66,-8.37,12.29
391843128518,2025-08-21,7,8,20.66,-8.37,12.29
391867186080,2025-08-21,7,8,20.66,-8.37,12.29
391874022733,2025-08-21,7,8,20.66,-8.37,12.29
391875293359,2025-08-21,7,8,20.66,-8.37,12.29
391883051686,2025-08-21,7,8,20.66,-8.37,12.29
391889608349,2025-08-21,7,8,20.66,-8.37,12.29
391889736260,2025-08-21,7,8,20.66,-8.37,12.29
391890529083,2025-08-21,7,8,20.66,-8.37,12.29
390094434525,2025-07-03,7,9,21.52,-8.72,12.8
390122806493,2025-07-03,7,9,21.52,-8.72,12.8
390140291860,2025-07-03,7,9,21.52,-8.72,12.8
390144893269,2025-07-03,7,9,21.52,-8.72,12.8
391798292810,2025-08-21,7,9,21.52,-8.71,12.81
391844636550,2025-08-21,7,9,21.52,-8.71,12.81
391888531874,2025-08-21,7,9,21.52,-8.71,12.81
391890365260,2025-08-21,7,9,21.52,-8.71,12.81
391891157869,2025-08-21,7,9,21.52,-8.71,12.81
391984855763,2025-08-21,7,9,21.52,-8.71,12.81
390123738297,2025-07-03,7,10,22.54,-9.12,13.42
390125550240,2025-07-03,7,10,22.54,-9.12,13.42
391828769661,2025-08-21,7,10,22.54,-9.13,13.41
391833256483,2025-08-21,7,10,22.54,-9.13,13.41
391845634910,2025-08-21,7,10,22.54,-9.13,13.41
391883901907,2025-08-21,7,10,22.54,-9.13,13.41
391884720400,2025-08-21,7,10,22.54,-9.13,13.41
391908001108,2025-08-21,7,10,22.54,-9.13,13.41
391913559654,2025-08-21,7,10,22.54,-9.13,13.41
391927022101,2025-08-21,7,10,22.54,-9.13,13.41
390082807698,2025-07-03,7,11,24.66,-10.73,13.93
390083789110,2025-07-03,7,11,24.66,-10.73,13.93
390091245002,2025-07-03,7,11,24.66,-10.73,13.93
390165940965,2025-07-03,7,11,24.66,-10.73,13.93
390175656187,2025-07-03,7,11,24.66,-10.73,13.93
391806826976,2025-08-21,7,11,24.66,-10.73,13.93
391872199870,2025-08-21,7,11,24.66,-10.73,13.93
391874855141,2025-08-21,7,11,24.66,-10.73,13.93
391886413468,2025-08-21,7,11,24.66,-10.73,13.93
392006365106,2025-08-21,7,11,24.66,-10.72,13.94
390131536985,2025-07-03,7,12,25.65,-11.16,14.49
390143169122,2025-07-03,7,12,25.65,-11.16,14.49
390166390570,2025-07-03,7,12,25.65,-11.16,14.49
390169633490,2025-07-03,7,12,25.65,-11.16,14.49
391843099920,2025-08-21,7,12,25.65,-11.16,14.49
391882444704,2025-08-21,7,12,25.65,-11.16,14.49
391886430092,2025-08-21,7,12,25.65,-11.16,14.49
391889930820,2025-08-21,7,12,25.65,-11.16,14.49
391907541348,2025-08-21,7,12,25.65,-11.16,14.49
391909240840,2025-08-21,7,12,25.65,-11.16,14.49
390137465575,2025-07-03,7,13,27.22,-11.84,15.38
390208689368,2025-07-03,7,13,27.22,-11.84,15.38
390275498147,2025-07-03,7,13,27.22,-11.84,15.38
390320840837,2025-07-03,7,13,27.22,-11.84,15.38
390561737970,2025-07-17,7,13,27.22,-11.84,15.38
390658896978,2025-07-17,7,13,27.22,-11.84,15.38
391155085527,2025-07-31,7,13,27.22,-11.84,15.38
391545562910,2025-08-14,7,13,27.22,-11.84,15.38
391549393735,2025-08-14,7,13,27.22,-11.84,15.38
391911632794,2025-08-21,7,13,27.22,-11.84,15.38
390164033013,2025-07-03,7,14,29.16,-12.68,16.48
390378946487,2025-07-10,7,14,29.16,-12.68,16.48
390659524716,2025-07-17,7,14,29.16,-12.68,16.48
391552515640,2025-08-14,7,14,29.16,-12.68,16.48
391844838341,2025-08-21,7,14,29.16,-12.68,16.48
394244981634,2025-10-30,7,14,29.16,-12.68,16.48
394446220860,2025-10-30,7,14,29.16,-12.68,16.48
395799202207,2025-12-11,7,14,29.16,-12.68,16.48
395848493334,2025-12-11,7,14,29.16,-12.68,16.48
396552656987,2025-12-25,7,14,29.16,-12.68,16.48
390133826460,2025-07-03,7,15,30.07,-13.08,16.99
390199138012,2025-07-03,7,15,30.07,-13.08,16.99
390206219130,2025-07-03,7,15,30.07,-13.08,16.99
390209387650,2025-07-03,7,15,30.07,-13.08,16.99
390281466905,2025-07-03,7,15,30.07,-13.08,16.99
390608993830,2025-07-17,7,15,30.07,-13.08,16.99
391176032738,2025-07-31,7,15,30.07,-13.08,16.99
391806364491,2025-08-21,7,15,30.07,-13.08,16.99
391859618244,2025-08-19,7,15,30.07,-13.08,16.99
395944746210,2025-12-18,7,15,30.07,-13.08,16.99
390137256531,2025-07-03,7,16,31.66,-13.77,17.89
390206030264,2025-07-03,7,16,31.66,-13.77,17.89
390219360184,2025-07-03,7,16,31.66,-13.77,17.89
390664054872,2025-07-17,7,16,31.66,-13.77,17.89
391141690835,2025-07-31,7,16,31.66,-13.77,17.89
391674851302,2025-08-14,7,16,31.66,-13.77,17.89
391847682856,2025-08-21,7,16,31.66,-13.77,17.89
392007647741,2025-08-21,7,16,31.66,-13.77,17.89
395956829382,2025-12-18,7,16,31.66,-13.77,17.89
395984379810,2025-12-18,7,16,31.66,-13.77,17.89
390447200284,2025-07-10,7,17,33.28,-14.47,18.81
391667173188,2025-08-14,7,17,33.28,-14.47,18.81
391667539481,2025-08-14,7,17,33.28,-14.47,18.81
392165950178,2025-08-28,7,17,33.28,-14.48,18.8
393157577506,2025-09-25,7,17,33.28,-14.48,18.8
394978136188,2025-11-20,7,17,33.28,-14.47,18.81
395985362042,2025-12-18,7,17,33.28,-14.47,18.81
396273143733,2025-12-18,7,17,33.28,-14.47,18.81
391069014609,2025-07-31,7,18,34.27,-14.9,19.37
391599809652,2025-08-14,7,18,34.27,-14.9,19.37
393483422796,2025-10-02,7,18,34.27,-14.9,19.37
390136814112,2025-07-03,7,19,35.31,-15.36,19.95
390283311471,2025-07-03,7,19,35.31,-15.36,19.95
390421604497,2025-07-10,7,19,35.31,-15.36,19.95
390538734446,2025-07-17,7,19,35.31,-15.36,19.95
391584136595,2025-08-14,7,19,35.31,-15.36,19.95
391600778083,2025-08-14,7,19,35.31,-15.36,19.95
394132402633,2025-10-23,7,19,35.31,-15.36,19.95
394298851341,2025-10-30,7,19,35.31,-15.36,19.95
395381800300,2025-12-04,7,19,35.31,-15.36,19.95
396642357450,2025-12-25,7,19,35.31,-15.36,19.95
390379095785,2025-07-10,7,20,36.62,-15.93,20.69
391591154130,2025-08-14,7,20,36.62,-15.92,20.7
391741454860,2025-08-14,7,20,36.62,-15.92,20.7
391918276308,2025-08-21,7,20,36.62,-15.92,20.7
391919196200,2025-08-21,7,20,36.62,-15.92,20.7
395385563920,2025-11-27,7,20,36.62,-15.93,20.69
395708701920,2025-12-11,7,20,36.62,-15.93,20.69
395850306777,2025-12-11,7,20,36.62,-15.93,20.69
396350504095,2025-12-25,7,20,36.62,-15.93,20.69
396562499194,2025-12-25,7,20,36.62,-15.93,20.69
391800317476,2025-08-21,7,21,37.64,-17.87,19.77
393806058089,2025-10-16,7,21,37.64,-17.87,19.77
396058901663,2025-12-25,7,21,37.64,-17.88,19.76
391536956370,2025-08-12,7,22,39.03,-18.53,20.5
391624211098,2025-08-14,7,22,39.03,-18.53,20.5
392032509680,2025-08-28,7,22,39.03,-18.54,20.49
392114436695,2025-08-26,7,22,39.03,-18.54,20.49
392553031532,2025-09-04,7,22,39.03,-18.54,20.49
393360900596,2025-10-02,7,22,39.03,-18.54,20.49
393723721584,2025-10-09,7,22,39.03,-18.54,20.49
395284104656,2025-12-04,7,22,39.03,-18.54,20.49
395907858840,2025-12-18,7,22,39.03,-18.54,20.49
390379978170,2025-07-10,7,23,39.97,-18.99,20.98
390609135475,2025-07-17,7,23,39.97,-18.99,20.98
392756292317,2025-09-18,7,23,39.97,-18.98,20.99
393065261651,2025-09-25,7,23,39.97,-18.98,20.99
394142979320,2025-10-23,7,23,39.97,-18.98,20.99
394344055315,2025-10-30,7,23,39.97,-18.98,20.99
394438336290,2025-10-30,7,23,39.97,-18.98,20.99
394919622360,2025-11-13,7,23,39.97,-18.98,20.99
395957725483,2025-12-18,7,23,39.97,-18.98,20.99
396409826759,2025-12-25,7,23,39.97,-18.98,20.99
390372159513,2025-07-10,7,24,41.31,-19.62,21.69
390537822162,2025-07-17,7,24,41.31,-19.62,21.69
390751875349,2025-07-17,7,24,41.31,-19.62,21.69
391148593906,2025-07-31,7,24,41.31,-19.62,21.69
392380054211,2025-09-04,7,24,41.31,-19.61,21.7
393041206271,2025-09-25,7,24,41.31,-19.61,21.7
395979841936,2025-12-18,7,24,41.31,-19.62,21.69
390121847420,2025-07-03,7,25,43.59,-20.7,22.89
391668612874,2025-08-14,7,25,43.59,-20.7,22.89
391842946008,2025-08-21,7,25,43.59,-20.7,22.89
392136512695,2025-08-28,7,25,43.59,-20.7,22.89
392382725364,2025-09-04,7,25,43.59,-20.7,22.89
392824508573,2025-09-18,7,25,43.59,-20.7,22.89
395395795885,2025-12-11,7,25,43.59,-20.7,22.89
395845940850,2025-12-11,7,25,43.59,-20.7,22.89
395857758118,2025-12-11,7,25,43.59,-20.7,22.89
393260981450,2025-09-25,7,26,45.37,-21.54,23.83
395065192878,2025-11-20,7,26,45.37,-21.55,23.82
391991962082,2025-08-28,7,27,46.21,-21.95,24.26
392675143742,2025-09-11,7,27,46.21,-21.95,24.26
394143004286,2025-10-23,7,27,46.21,-21.95,24.26
390517303460,2025-07-17,7,28,48.28,-22.92,25.36
392901443920,2025-09-18,7,28,48.28,-22.93,25.35
396346339985,2025-12-25,7,28,48.28,-22.93,25.35
390523263744,2025-07-17,7,29,49.38,-23.45,25.93
390523366790,2025-07-17,7,29,49.38,-23.45,25.93
392337461784,2025-09-04,7,30,49.63,-23.57,26.06
394374281251,2025-10-30,7,30,49.63,-23.57,26.06
395917153678,2025-12-18,7,30,49.63,-23.57,26.06
390893950314,2025-07-24,7,31,51.47,-25.47,26.0
392637400162,2025-09-11,7,32,51.48,-25.48,26.0
393393252574,2025-10-02,7,33,53.18,-26.32,26.86
395448501092,2025-11-27,7,33,53.18,-26.32,26.86
396294816266,2025-12-25,7,33,53.18,-26.32,26.86
393042584568,2025-09-25,7,34,54.77,-27.1,27.67
393266553686,2025-09-25,7,34,54.77,-27.1,27.67
393529654531,2025-10-09,7,34,54.77,-27.1,27.67
393529668582,2025-10-09,7,34,54.77,-27.1,27.67
392782274289,2025-09-18,7,39,62.57,-30.96,31.61
395899149238,2025-12-11,7,39,62.57,-30.97,31.6
391659086555,2025-08-21,7,40,62.58,-33.16,29.42
391785194394,2025-08-21,7,40,62.58,-33.16,29.42
391785231094,2025-08-21,7,40,62.58,-33.16,29.42
391828688079,2025-08-21,7,40,62.58,-33.16,29.42
391830403567,2025-08-21,7,40,62.58,-33.16,29.42
391847888724,2025-08-21,7,40,62.58,-33.16,29.42
391848730023,2025-08-21,7,40,62.58,-33.16,29.42
391866810354,2025-08-21,7,40,62.58,-33.16,29.42
391870588025,2025-08-21,7,40,62.58,-33.16,29.42
391881789804,2025-08-21,7,40,62.58,-33.16,29.42
391541817611,2025-08-07,7,41,64.51,-31.92,32.59
392041128266,2025-08-21,7,41,64.51,-31.92,32.59
392097170685,2025-08-28,7,41,64.51,-31.92,32.59
392125293763,2025-08-28,7,41,64.51,-31.92,32.59
392879088492,2025-09-18,7,41,64.51,-31.92,32.59
393326773112,2025-10-02,7,41,64.51,-31.92,32.59
396681063514,2025-12-25,7,41,64.51,-31.93,32.58
396824144429,2025-12-25,7,41,64.51,-31.93,32.58
396827756932,2025-12-25,7,41,64.51,-31.93,32.58
393566888139,2025-10-09,7,44,70.1,-34.69,35.41
396819693877,2025-12-25,7,44,70.1,-34.69,35.41
391500896873,2025-08-05,7,45,71.47,-35.37,36.1
395715734902,2025-12-04,7,45,71.47,-35.37,36.1
392548455737,2025-09-11,7,46,72.24,-35.75,36.49
396644084139,2025-12-25,7,46,72.24,-35.75,36.49
390089726445,2025-07-03,7,47,73.64,-36.44,37.2
394975868286,2025-11-20,7,47,73.64,-36.44,37.2
395644416703,2025-12-04,7,47,73.64,-36.44,37.2
391177571117,2025-07-31,7,48,74.32,-36.79,37.53
391193835455,2025-07-31,7,48,74.32,-36.79,37.53
392427539412,2025-09-04,7,48,74.32,-36.78,37.54
395915784637,2025-12-18,7,52,77.44,-38.33,39.11
396304952684,2025-12-18,7,54,77.46,-38.33,39.13
391782073317,2025-08-21,7,56,77.49,-38.35,39.14
390126877642,2025-07-03,7,62,79.01,-39.1,39.91
390126984810,2025-07-03,7,62,79.01,-39.1,39.91
390449597406,2025-07-10,7,62,79.01,-39.1,39.91
390628643391,2025-07-17,7,90,106.81,-52.86,53.95
390663138195,2025-07-17,7,90,106.81,-52.86,53.95
391676693946,2025-08-14,7,90,106.81,-52.86,53.95
391677911080,2025-08-14,7,90,106.81,-52.86,53.95
391882077451,2025-08-21,7,90,106.81,-52.86,53.95
392637856935,2025-09-11,7,90,106.81,-52.86,53.95
395982433716,2025-12-18,7,90,106.81,-52.86,53.95
395987666472,2025-12-18,7,90,106.81,-52.86,53.95
396205937910,2025-12-18,7,90,106.81,-52.86,53.95
396678229448,2025-12-25,7,90,106.81,-52.86,53.95
391139403900,2025-07-31,8,1,14.17,-5.45,8.72
391310618673,2025-07-31,8,1,14.17,-5.45,8.72
391580462070,2025-08-14,8,1,14.17,-5.45,8.72
391587939390,2025-08-14,8,1,14.17,-5.45,8.72
391760125688,2025-08-21,8,1,14.17,-5.45,8.72
391780824763,2025-08-21,8,1,14.17,-5.45,8.72
391834102009,2025-08-21,8,1,14.17,-5.45,8.72
391913591977,2025-08-21,8,1,14.17,-5.45,8.72
391913949312,2025-08-21,8,1,14.17,-5.45,8.72
394242014938,2025-10-30,8,1,14.17,-5.45,8.72
391782269732,2025-08-21,8,2,16.4,-6.31,10.09
391800861086,2025-08-21,8,2,16.4,-6.31,10.09
391803856075,2025-08-21,8,2,16.4,-6.31,10.09
391805606560,2025-08-21,8,2,16.4,-6.31,10.09
391805741750,2025-08-21,8,2,16.4,-6.31,10.09
391835233268,2025-08-21,8,2,16.4,-6.31,10.09
391842471884,2025-08-21,8,2,16.4,-6.31,10.09
391842923419,2025-08-21,8,2,16.4,-6.31,10.09
391843447912,2025-08-21,8,2,16.4,-6.31,10.09
391867180976,2025-08-21,8,2,16.4,-6.31,10.09
390089905924,2025-07-03,8,3,18.05,-6.95,11.1
390093982811,2025-07-03,8,3,18.05,-6.95,11.1
391000353255,2025-07-31,8,3,18.05,-6.95,11.1
391047775340,2025-07-31,8,3,18.05,-6.95,11.1
391785689470,2025-08-21,8,3,18.05,-6.95,11.1
391880959546,2025-08-21,8,3,18.05,-6.95,11.1
391889286950,2025-08-21,8,3,18.05,-6.95,11.1
391890830670,2025-08-21,8,3,18.05,-6.95,11.1
391923834281,2025-08-21,8,3,18.05,-6.95,11.1
391926392176,2025-08-21,8,3,18.05,-6.95,11.1
390141328607,2025-07-03,8,4,19.34,-7.44,11.9
390935579091,2025-07-31,8,4,19.34,-7.44,11.9
391112784700,2025-07-31,8,4,19.34,-7.44,11.9
391150077300,2025-07-31,8,4,19.34,-7.44,11.9
391186219071,2025-07-31,8,4,19.34,-7.44,11.9
391288978145,2025-07-31,8,4,19.34,-7.44,11.9
391312358800,2025-07-31,8,4,19.34,-7.44,11.9
391313582998,2025-07-31,8,4,19.34,-7.44,11.9
391836019519,2025-08-21,8,4,19.34,-7.44,11.9
391847802236,2025-08-21,8,4,19.34,-7.44,11.9
390085495280,2025-07-03,8,5,20.48,-7.88,12.6
390129093109,2025-07-03,8,5,20.48,-7.88,12.6
390130613410,2025-07-03,8,5,20.48,-7.88,12.6
391759876239,2025-08-21,8,5,20.48,-7.88,12.6
391796981474,2025-08-21,8,5,20.48,-7.88,12.6
391843896554,2025-08-21,8,5,20.48,-7.88,12.6
391847577166,2025-08-21,8,5,20.48,-7.88,12.6
391882766041,2025-08-21,8,5,20.48,-7.88,12.6
391908230485,2025-08-21,8,5,20.48,-7.88,12.6
391921998385,2025-08-21,8,5,20.48,-7.88,12.6
390053724669,2025-07-03,8,6,20.49,-8.29,12.2
390275286505,2025-07-03,8,6,20.49,-8.29,12.2
390578495590,2025-07-17,8,6,20.49,-8.29,12.2
390622225500,2025-07-17,8,6,20.49,-8.29,12.2
390622371400,2025-07-17,8,6,20.49,-8.29,12.2
390800469436,2025-07-17,8,6,20.49,-8.3,12.19
391098513820,2025-07-31,8,6,20.49,-8.3,12.19
391574299672,2025-08-12,8,6,20.49,-8.3,12.19
391735459065,2025-08-12,8,6,20.49,-8.3,12.19
391790869597,2025-08-19,8,6,20.49,-8.3,12.19
390173200206,2025-07-03,8,7,21.26,-8.61,12.65
390580058702,2025-07-15,8,7,21.26,-8.61,12.65
390625346990,2025-07-17,8,7,21.26,-8.61,12.65
391067359003,2025-07-31,8,7,21.26,-8.61,12.65
391131748888,2025-07-31,8,7,21.26,-8.61,12.65
391152281620,2025-07-31,8,7,21.26,-8.61,12.65
391802711736,2025-08-21,8,7,21.26,-8.61,12.65
391842289663,2025-08-21,8,7,21.26,-8.61,12.65
391844926373,2025-08-21,8,7,21.26,-8.61,12.65
391848331739,2025-08-21,8,7,21.26,-8.61,12.65
390293306966,2025-07-03,8,8,22.19,-8.98,13.21
391072369003,2025-07-31,8,8,22.19,-8.99,13.2
391108419749,2025-07-31,8,8,22.19,-8.99,13.2
391115215691,2025-07-31,8,8,22.19,-8.99,13.2
391142017361,2025-07-31,8,8,22.19,-8.99,13.2
391153499782,2025-07-31,8,8,22.19,-8.99,13.2
391189131790,2025-07-31,8,8,22.19,-8.99,13.2
391190669974,2025-07-31,8,8,22.19,-8.99,13.2
391796440128,2025-08-21,8,8,22.19,-8.99,13.2
391924909084,2025-08-21,8,8,22.19,-8.99,13.2
390050708803,2025-07-03,8,9,23.37,-9.47,13.9
390132204186,2025-07-03,8,9,23.37,-9.47,13.9
390208013849,2025-07-03,8,9,23.37,-9.47,13.9
390539850327,2025-07-17,8,9,23.37,-9.47,13.9
390761629172,2025-07-17,8,9,23.37,-9.47,13.9
391185287870,2025-07-31,8,9,23.37,-9.47,13.9
391185559982,2025-07-31,8,9,23.37,-9.47,13.9
391790743127,2025-08-19,8,9,23.37,-9.47,13.9
391886787803,2025-08-21,8,9,23.37,-9.47,13.9
392008981020,2025-08-21,8,9,23.37,-9.46,13.91
390042094327,2025-07-17,8,10,24.91,-10.09,14.82
390042094327,2025-07-10,8,10,24.91,-10.09,14.82
390142329530,2025-07-03,8,10,24.91,-10.09,14.82
390283006062,2025-07-03,8,10,24.91,-10.09,14.82
390557885695,2025-07-15,8,10,24.91,-10.09,14.82
390573094113,2025-07-17,8,10,24.91,-10.09,14.82
390613076865,2025-07-15,8,10,24.91,-10.09,14.82
391070291205,2025-07-31,8,10,24.91,-10.09,14.82
394346723686,2025-10-30,8,10,24.91,-10.09,14.82
395954202652,2025-12-18,8,10,24.91,-10.09,14.82
390162352264,2025-07-03,8,11,26.79,-11.65,15.14
390201139090,2025-07-03,8,11,26.79,-11.65,15.14
390533705860,2025-07-17,8,11,26.79,-11.65,15.14
390648662712,2025-07-15,8,11,26.79,-11.65,15.14
391599209314,2025-08-14,8,11,26.79,-11.66,15.13
391845454869,2025-08-21,8,11,26.79,-11.66,15.13
395275865001,2025-11-27,8,11,26.79,-11.65,15.14
395278261888,2025-11-27,8,11,26.79,-11.65,15.14
395863518467,2025-12-18,8,11,26.79,-11.65,15.14
396046540026,2025-12-18,8,11,26.79,-11.65,15.14
390128718047,2025-07-03,8,12,28.04,-12.19,15.85
390137043102,2025-07-03,8,12,28.04,-12.19,15.85
390179552520,2025-07-03,8,12,28.04,-12.19,15.85
390417238469,2025-07-03,8,12,28.04,-12.19,15.85
390508415704,2025-07-08,8,12,28.04,-12.19,15.85
390612085874,2025-07-17,8,12,28.04,-12.19,15.85
391257666269,2025-07-31,8,12,28.04,-12.19,15.85
391297957689,2025-07-31,8,12,28.04,-12.19,15.85
395236791373,2025-11-27,8,12,28.04,-12.19,15.85
395958388336,2025-12-18,8,12,28.04,-12.19,15.85
390220485839,2025-07-03,8,13,29.31,-12.75,16.56
390788480675,2025-07-17,8,13,29.31,-12.75,16.56
390805866750,2025-07-24,8,13,29.31,-12.75,16.56
393238905950,2025-09-25,8,13,29.31,-12.74,16.57
393703893919,2025-10-09,8,13,29.31,-12.74,16.57
393746786983,2025-10-16,8,13,29.31,-12.74,16.57
394385523909,2025-10-30,8,13,29.31,-12.75,16.56
394937399637,2025-11-20,8,13,29.31,-12.75,16.56
396681382768,2025-12-25,8,13,29.31,-12.75,16.56
391569580099,2025-08-12,8,14,31.87,-13.86,18.01
394764695330,2025-11-13,8,14,31.87,-13.86,18.01
395844659122,2025-12-11,8,14,31.87,-13.86,18.01
396152202047,2025-12-25,8,14,31.87,-13.86,18.01
396652170843,2025-12-25,8,14,31.87,-13.86,18.01
392832351999,2025-09-18,8,15,33.18,-14.43,18.75
394037511022,2025-10-23,8,15,33.18,-14.43,18.75
395110499215,2025-11-27,8,15,33.18,-14.43,18.75
395416387178,2025-11-27,8,15,33.18,-14.43,18.75
390939698728,2025-07-24,8,16,34.83,-15.15,19.68
392991809810,2025-09-18,8,16,34.83,-15.15,19.68
393870837676,2025-10-16,8,16,34.83,-15.15,19.68
393949629680,2025-10-23,8,16,34.83,-15.15,19.68
396075959488,2025-12-18,8,16,34.83,-15.15,19.68
391265286680,2025-07-31,8,17,34.84,-15.15,19.69
392328269281,2025-09-04,8,17,34.84,-15.15,19.69
392829190674,2025-09-18,8,17,34.84,-15.15,19.69
392860401070,2025-09-18,8,17,34.84,-15.15,19.69
396619377443,2025-12-25,8,17,34.84,-15.15,19.69
391070325034,2025-07-24,8,18,37.56,-16.33,21.23
391910785967,2025-08-26,8,18,37.56,-16.34,21.22
395642335184,2025-12-11,8,18,37.56,-16.33,21.23
391900763527,2025-08-19,8,19,39.36,-17.12,22.24
393041350947,2025-09-18,8,19,39.36,-17.12,22.24
393160522241,2025-09-25,8,19,39.36,-17.12,22.24
393747680018,2025-10-16,8,19,39.36,-17.12,22.24
395046118093,2025-11-20,8,19,39.36,-17.12,22.24
395194957156,2025-11-27,8,19,39.36,-17.12,22.24
390129982070,2025-07-01,8,20,40.79,-17.74,23.05
390571060903,2025-07-15,8,20,40.79,-17.74,23.05
390619731043,2025-07-15,8,20,40.79,-17.74,23.05
390876669403,2025-07-22,8,20,40.79,-17.74,23.05
391006290987,2025-07-22,8,20,40.79,-17.74,23.05
391778187942,2025-08-19,8,20,40.79,-17.74,23.05
391827864471,2025-08-19,8,20,40.79,-17.74,23.05
391909968370,2025-08-21,8,20,40.79,-17.74,23.05
392114642593,2025-08-26,8,20,40.79,-17.74,23.05
396149791182,2025-12-18,8,20,40.79,-17.74,23.05
391900933736,2025-08-19,8,21,42.04,-19.96,22.08
396182809430,2025-12-18,8,24,48.24,-22.91,25.33
396546166257,2025-12-30,8,24,48.24,-22.91,25.33
395547299744,2025-12-04,8,25,49.72,-23.61,26.11
392878936758,2025-09-18,8,27,52.65,-25.0,27.65
394142781081,2025-10-23,8,27,52.65,-25.0,27.65
394956738263,2025-11-20,8,27,52.65,-25.0,27.65
391867188245,2025-08-21,8,31,60.32,-29.86,30.46
394121995497,2025-10-23,8,39,72.11,-35.69,36.42
390048232790,2025-07-03,8,40,72.13,-38.22,33.91
390053151909,2025-07-03,8,40,72.13,-38.22,33.91
390085222201,2025-07-03,8,40,72.13,-38.22,33.91
390087954595,2025-07-03,8,40,72.13,-38.22,33.91
390121315270,2025-07-03,8,40,72.13,-38.22,33.91
390123337392,2025-07-03,8,40,72.13,-38.22,33.91
390162975776,2025-07-03,8,40,72.13,-38.22,33.91
391835908358,2025-08-21,8,40,72.13,-38.22,33.91
391836891252,2025-08-21,8,40,72.13,-38.22,33.91
391874942497,2025-08-21,8,40,72.13,-38.22,33.91
393395452079,2025-10-02,8,41,74.85,-37.04,37.81
393814926720,2025-10-16,8,41,74.85,-37.04,37.81
394285641849,2025-10-30,8,41,74.85,-37.04,37.81
394564701610,2025-11-06,8,44,78.08,-38.64,39.44
391818819603,2025-08-19,8,47,82.02,-40.6,41.42
393069942113,2025-09-25,8,47,82.02,-40.59,41.43
395185618590,2025-11-27,8,47,82.02,-40.59,41.43
392407709240,2025-09-04,8,90,112.55,-55.7,56.85
392861403860,2025-09-18,8,90,112.55,-55.7,56.85
392929587351,2025-09-25,8,90,112.55,-55.7,56.85
393512048523,2025-10-09,8,90,112.55,-55.7,56.85
393514035158,2025-10-09,8,90,112.55,-55.7,56.85
393631042740,2025-10-09,8,90,112.55,-55.7,56.85
393636691942,2025-10-09,8,90,112.55,-55.7,56.85
395499602493,2025-12-04,8,90,112.55,-55.7,56.85
395624437732,2025-12-04,8,90,112.55,-55.7,56.85
396239884553,2025-12-18,8,90,112.55,-55.7,56.85
