zone,packagetype,total_ships,total_cost,avg_weight_lbs,usps_ships,usps_pct,usps_cost,usps_avg,fedex_ships,fedex_pct,fedex_cost,fedex_avg,p2p_ships,p2p_pct,p2p_cost,p2p_avg,fedex_sp_ships,fedex_hd_ships
2,PIZZA BOX 20x16x1,8014,39102.12,1.27,4744,59.2,25104.81,5.29,10,0.1,82.53,8.25,3260,40.7,13914.78,4.27,10,0
2,PIZZA BOX 12x8x1,4026,16418.42,0.71,3167,78.7,12937.27,4.09,0,0.0,0.0,,859,21.3,3481.15,4.05,0,0
2,PIZZA BOX 16x12x2,3132,16827.85,2.2,1733,55.3,10772.97,6.22,19,0.6,156.81,8.25,1380,44.1,5898.07,4.27,19,0
2,PIZZA BOX 24x20x2,2841,23978.4,4.17,714,25.1,7014.24,9.82,1963,69.1,16225.5,8.27,164,5.8,738.66,4.5,1949,14
2,WRAP 16''x12'',2780,13382.22,1.3,1457,52.4,7812.4,5.36,0,0.0,0.0,,1323,47.6,5569.82,4.21,0,0
2,PIZZA BOX 20x16x2,2524,14707.96,3.17,1495,59.2,9849.71,6.59,97,3.8,800.57,8.25,932,36.9,4057.68,4.35,97,0
2,PIZZA BOX 36x24x2,2174,19816.81,5.88,501,23.0,5780.95,11.54,1186,54.6,11637.45,9.81,487,22.4,2398.41,4.92,242,944
2,PIZZA BOX 42x32x2,1690,20907.02,8.59,0,0.0,0.0,,1690,100.0,20907.02,12.37,0,0.0,0.0,,1690,0
2,WRAP 24''x16'',1562,10130.58,2.61,339,21.7,3180.4,9.38,433,27.7,3575.72,8.26,790,50.6,3374.46,4.27,432,1
2,PIZZA BOX 40x30x1,1378,11896.38,3.24,355,25.8,3442.77,9.7,1023,74.2,8453.61,8.26,0,0.0,0.0,,1019,4
2,"CROSS PACKAGING 30X24""",855,7019.92,6.04,167,19.5,1718.66,10.29,569,66.5,4735.59,8.32,119,13.9,565.67,4.75,557,12
2,"21"" Tube",807,4465.57,0.58,396,49.1,2670.99,6.74,16,2.0,132.05,8.25,395,48.9,1662.53,4.21,16,0
2,PIZZA BOX 48X36X1,783,10033.57,8.28,0,0.0,0.0,,783,100.0,10033.57,12.81,0,0.0,0.0,,783,0
2,PIZZA BOX 30x20x3,585,4587.12,5.62,136,23.2,1564.24,11.5,165,28.2,1647.84,9.99,284,48.5,1375.04,4.84,66,99
2,POLY BAG 9x12,366,1532.89,0.85,338,92.3,1415.12,4.19,0,0.0,0.0,,28,7.7,117.77,4.21,0,0
2,"26"" Tube",339,1866.07,0.62,162,47.8,1101.06,6.8,5,1.5,41.27,8.25,172,50.7,723.74,4.21,5,0
2,MUG BOX 16x12x8,321,2330.35,4.39,188,58.6,1296.71,6.9,115,35.8,949.13,8.25,18,5.6,84.51,4.7,115,0
2,MUG BOX 5x5x5,282,1208.42,0.89,153,54.3,684.78,4.48,0,0.0,0.0,,129,45.7,523.64,4.06,0,0
2,MIXPIX BOX,221,1066.96,1.32,128,57.9,667.71,5.22,2,0.9,16.51,8.25,91,41.2,382.74,4.21,2,0
2,"",160,861.24,2.21,89,55.6,554.65,6.23,1,0.6,8.25,8.25,70,43.8,298.34,4.26,1,0
2,PIZZA BOX 27x23x2,154,1325.92,7.29,40,26.0,455.15,11.38,66,42.9,642.63,9.74,48,31.2,228.14,4.75,60,6
2,BUBBLE MAILER 9x14,140,530.31,0.47,126,90.0,472.97,3.75,0,0.0,0.0,,14,10.0,57.34,4.1,0,0
2,"CROSS PACKAGING 49X30""",137,1916.86,17.59,0,0.0,0.0,,137,100.0,1916.86,13.99,0,0.0,0.0,,137,0
2,"POLY BAG 14,5x19",121,865.04,3.63,70,57.9,466.24,6.66,45,37.2,371.4,8.25,6,5.0,27.4,4.57,45,0
2,PIZZA BOX 42x32x2 (2x strapped),110,1966.34,25.3,0,0.0,0.0,,110,100.0,1966.34,17.88,0,0.0,0.0,,101,9
2,PIZZA BOX 30x20x3 (2x strapped),103,1131.26,11.15,0,0.0,0.0,,100,97.1,1108.75,11.09,3,2.9,22.51,7.5,1,99
2,PIZZA BOX 24x20x2 (2x strapped),94,809.3,10.81,19,20.2,223.75,11.78,36,38.3,375.25,10.42,39,41.5,210.3,5.39,14,22
2,MUG BOX 9x7x5,91,462.62,1.78,49,53.8,286.04,5.84,0,0.0,0.0,,42,46.2,176.58,4.2,0,0
2,BOX 16x24x12,90,943.25,8.55,0,0.0,0.0,,83,92.2,888.0,10.7,7,7.8,55.25,7.89,1,82
2,PIZZA BOX 40x30x2,82,945.48,8.19,10,12.2,116.84,11.68,72,87.8,828.64,11.51,0,0.0,0.0,,54,18
2,PIZZA BOX 36x24x2 (2x strapped),80,891.09,14.18,0,0.0,0.0,,79,98.8,883.5,11.18,1,1.2,7.59,7.59,7,72
2,Carpet Box 22x4x4,73,464.04,1.39,17,23.3,147.77,8.69,20,27.4,165.07,8.25,36,49.3,151.2,4.2,20,0
2,"CROSS PACKAGING 40X30""",71,797.94,11.99,6,8.5,71.59,11.93,63,88.7,715.86,11.36,2,2.8,10.49,5.25,34,29
2,MUG BOX 16x6x4,68,341.48,2.72,24,35.3,152.48,6.35,0,0.0,0.0,,44,64.7,189.0,4.3,0,0
2,WRAP 36''x24'' [x2],55,603.99,7.49,0,0.0,0.0,,51,92.7,570.56,11.19,4,7.3,33.43,8.36,0,51
2,POLY BAG 12x15,50,202.89,0.68,45,90.0,181.83,4.04,0,0.0,0.0,,5,10.0,21.06,4.21,0,0
2,PIZZA BOX 42x32x2 (3x strapped),40,808.55,35.29,0,0.0,0.0,,40,100.0,808.55,20.21,0,0.0,0.0,,37,3
2,PIZZA BOX 36x24x2 (3x strapped),32,365.29,23.2,0,0.0,0.0,,31,96.9,356.25,11.49,1,3.1,9.04,9.04,4,27
2,WRAP 27''x23'',29,244.66,5.37,5,17.2,50.21,10.04,23,79.3,189.83,8.25,1,3.4,4.62,4.62,23,0
2,PIZZA BOX 40x30x2 (2x strapped),28,436.57,18.68,0,0.0,0.0,,28,100.0,436.57,15.59,0,0.0,0.0,,28,0
2,MIXPIX BOX_(2),27,138.61,2.37,11,40.7,69.11,6.28,0,0.0,0.0,,16,59.3,69.5,4.34,0,0
2,"CROSS PACKAGING 40X40""",22,285.14,16.67,0,0.0,0.0,,22,100.0,285.14,12.96,0,0.0,0.0,,22,0
2,MIXPIX BOX_(4),19,72.97,0.87,18,94.7,68.58,3.81,0,0.0,0.0,,1,5.3,4.39,4.39,0,0
2,Carpet Box 37x5x5,19,150.24,3.46,1,5.3,9.41,9.41,16,84.2,132.05,8.25,2,10.5,8.78,4.39,16,0
2,WRAP 36''x24'',18,146.98,8.67,2,11.1,23.44,11.72,8,44.4,82.1,10.26,8,44.4,41.44,5.18,4,4
2,PIZZA BOX 40x30x2 (3x strapped),15,266.98,25.76,0,0.0,0.0,,15,100.0,266.98,17.8,0,0.0,0.0,,15,0
2,PIZZA BOX 27x23x2 (2x strapped),13,139.17,18.1,0,0.0,0.0,,12,92.3,132.66,11.05,1,7.7,6.51,6.51,0,12
2,PIZZA BOX 24x20x2 (3x strapped),11,105.22,16.96,0,0.0,0.0,,9,81.8,92.2,10.24,2,18.2,13.02,6.51,1,8
2,PIZZA BOX 30x20x3 (3x strapped),8,77.74,25.88,0,0.0,0.0,,8,100.0,77.74,9.72,0,0.0,0.0,,0,8
2,WRAP 40''x30'',2,23.22,6.11,0,0.0,0.0,,2,100.0,23.22,11.61,0,0.0,0.0,,0,2
2,PIZZA BOX 27x23x2 (3x strapped),2,19.82,24.87,0,0.0,0.0,,2,100.0,19.82,9.91,0,0.0,0.0,,0,2
2,WRAP 36''x24'' [x3],1,10.0,31.5,0,0.0,0.0,,1,100.0,10.0,10.0,0,0.0,0.0,,0,1
3,PIZZA BOX 20x16x1,13850,69550.52,1.27,8024,57.9,44737.12,5.58,7,0.1,57.77,8.25,5819,42.0,24755.63,4.25,7,0
3,PIZZA BOX 12x8x1,6719,27683.14,0.69,4594,68.4,19172.77,4.17,3,0.0,24.76,8.25,2122,31.6,8485.61,4.0,3,0
3,PIZZA BOX 16x12x2,5184,28881.28,2.21,2959,57.1,19362.89,6.54,11,0.2,90.79,8.25,2214,42.7,9427.6,4.26,11,0
3,WRAP 16''x12'',4814,23759.52,1.3,2639,54.8,14642.34,5.55,0,0.0,0.0,,2175,45.2,9117.18,4.19,0,0
3,PIZZA BOX 24x20x2,4695,40527.03,4.24,1534,32.7,15713.94,10.24,2790,59.4,23134.57,8.29,371,7.9,1678.52,4.52,2758,32
3,PIZZA BOX 20x16x2,4255,25490.39,3.18,2492,58.6,17357.81,6.97,123,2.9,1015.16,8.25,1640,38.5,7117.42,4.34,123,0
3,PIZZA BOX 36x24x2,3918,36882.44,5.9,858,21.9,10284.59,11.99,2155,55.0,22146.83,10.28,905,23.1,4451.02,4.92,149,2006
3,PIZZA BOX 42x32x2,2584,36200.07,8.88,0,0.0,0.0,,2584,100.0,36200.07,14.01,0,0.0,0.0,,2584,0
3,WRAP 24''x16'',2568,17040.75,2.62,694,27.0,6720.98,9.68,587,22.9,4849.48,8.26,1287,50.1,5470.29,4.25,584,3
3,PIZZA BOX 40x30x1,2272,20164.73,3.24,735,32.4,7428.05,10.11,1537,67.6,12736.68,8.29,0,0.0,0.0,,1514,23
3,PIZZA BOX 48X36X1,1797,26063.9,7.9,0,0.0,0.0,,1797,100.0,26063.9,14.5,0,0.0,0.0,,1797,0
3,"CROSS PACKAGING 30X24""",1513,12693.88,5.89,352,23.3,3779.39,10.74,938,62.0,7889.25,8.41,223,14.7,1025.24,4.6,903,35
3,"21"" Tube",1309,7082.41,0.61,573,43.8,3936.74,6.87,15,1.1,123.8,8.25,721,55.1,3021.87,4.19,15,0
3,PIZZA BOX 30x20x3,1122,9163.45,5.48,274,24.4,3277.45,11.96,308,27.5,3263.15,10.59,540,48.1,2622.85,4.86,25,283
3,POLY BAG 9x12,612,2605.37,0.84,429,70.1,1840.08,4.29,0,0.0,0.0,,183,29.9,765.29,4.18,0,0
3,MUG BOX 16x12x8,561,4160.89,4.47,296,52.8,2150.47,7.27,216,38.5,1782.72,8.25,49,8.7,227.7,4.65,216,0
3,MUG BOX 5x5x5,522,2256.38,0.89,255,48.9,1179.56,4.63,0,0.0,0.0,,267,51.1,1076.82,4.03,0,0
3,"26"" Tube",484,2627.16,0.62,209,43.2,1443.65,6.91,8,1.7,66.03,8.25,267,55.2,1117.48,4.19,8,0
3,MIXPIX BOX,354,1713.51,1.35,196,55.4,1026.15,5.24,6,1.7,49.52,8.25,152,42.9,637.84,4.2,6,0
3,"",263,1397.03,2.21,119,45.2,785.19,6.6,0,0.0,0.0,,144,54.8,611.84,4.25,0,0
3,PIZZA BOX 27x23x2,259,2095.78,7.09,67,25.9,794.79,11.86,69,26.6,718.91,10.42,123,47.5,582.08,4.73,26,43
3,BUBBLE MAILER 9x14,241,918.23,0.46,203,84.2,770.11,3.79,0,0.0,0.0,,38,15.8,148.12,3.9,0,0
3,"CROSS PACKAGING 49X30""",237,3871.73,17.95,0,0.0,0.0,,237,100.0,3871.73,16.34,0,0.0,0.0,,237,0
3,PIZZA BOX 42x32x2 (2x strapped),227,4404.56,22.79,0,0.0,0.0,,227,100.0,4404.56,19.4,0,0.0,0.0,,217,10
3,"POLY BAG 14,5x19",198,1490.3,3.82,90,45.5,642.38,7.14,96,48.5,792.32,8.25,12,6.1,55.6,4.63,96,0
3,PIZZA BOX 30x20x3 (2x strapped),189,2149.95,10.85,0,0.0,0.0,,143,75.7,1805.38,12.63,46,24.3,344.57,7.49,7,136
3,PIZZA BOX 24x20x2 (2x strapped),176,1590.25,10.66,33,18.8,408.71,12.39,74,42.0,811.47,10.97,69,39.2,370.07,5.36,9,65
3,MUG BOX 9x7x5,153,764.18,1.7,75,49.0,437.18,5.83,0,0.0,0.0,,78,51.0,327.0,4.19,0,0
3,PIZZA BOX 36x24x2 (2x strapped),144,1871.81,16.7,0,0.0,0.0,,127,88.2,1748.87,13.77,17,11.8,122.94,7.23,34,93
3,"CROSS PACKAGING 40X30""",141,1668.83,11.89,6,4.3,75.52,12.59,127,90.1,1553.94,12.24,8,5.7,39.37,4.92,54,73
3,BOX 16x24x12,141,1597.03,8.24,0,0.0,0.0,,133,94.3,1533.51,11.53,8,5.7,63.52,7.94,0,133
3,MUG BOX 16x6x4,128,694.78,2.82,58,45.3,395.79,6.82,0,0.0,0.0,,70,54.7,298.99,4.27,0,0
3,PIZZA BOX 40x30x2,127,1576.11,8.05,11,8.7,136.02,12.37,116,91.3,1440.09,12.41,0,0.0,0.0,,72,44
3,Carpet Box 22x4x4,123,819.39,1.39,32,26.0,296.16,9.26,35,28.5,288.87,8.25,56,45.5,234.36,4.19,35,0
3,PIZZA BOX 42x32x2 (3x strapped),104,2612.52,36.41,0,0.0,0.0,,104,100.0,2612.52,25.12,0,0.0,0.0,,46,58
3,WRAP 36''x24'' [x2],88,1096.25,7.62,0,0.0,0.0,,83,94.3,1054.56,12.71,5,5.7,41.69,8.34,1,82
3,POLY BAG 12x15,79,313.16,0.62,67,84.8,264.28,3.94,0,0.0,0.0,,12,15.2,48.88,4.07,0,0
3,PIZZA BOX 36x24x2 (3x strapped),74,1162.23,22.78,0,0.0,0.0,,72,97.3,1143.99,15.89,2,2.7,18.24,9.12,0,72
3,"CROSS PACKAGING 40X40""",65,988.66,15.77,0,0.0,0.0,,65,100.0,988.66,15.21,0,0.0,0.0,,65,0
3,MIXPIX BOX_(2),53,294.56,2.36,28,52.8,186.6,6.66,0,0.0,0.0,,25,47.2,107.96,4.32,0,0
3,PIZZA BOX 40x30x2 (2x strapped),51,910.94,16.34,0,0.0,0.0,,51,100.0,910.94,17.86,0,0.0,0.0,,51,0
3,PIZZA BOX 40x30x2 (3x strapped),42,903.04,27.77,0,0.0,0.0,,42,100.0,903.04,21.5,0,0.0,0.0,,14,28
3,Carpet Box 37x5x5,35,253.27,3.36,8,22.9,80.61,10.08,14,40.0,115.55,8.25,13,37.1,57.11,4.39,14,0
3,MIXPIX BOX_(4),34,129.06,0.53,34,100.0,129.06,3.8,0,0.0,0.0,,0,0.0,0.0,,0,0
3,WRAP 36''x24'',29,264.8,9.18,3,10.3,36.9,12.3,15,51.7,171.59,11.44,11,37.9,56.31,5.12,2,13
3,PIZZA BOX 24x20x2 (3x strapped),25,247.17,16.78,0,0.0,0.0,,15,60.0,181.91,12.13,10,40.0,65.26,6.53,1,14
3,WRAP 27''x23'',23,184.61,5.75,1,4.3,10.3,10.3,20,87.0,165.07,8.25,2,8.7,9.24,4.62,20,0
3,PIZZA BOX 27x23x2 (2x strapped),22,217.71,16.62,0,0.0,0.0,,13,59.1,157.63,12.13,9,40.9,60.08,6.68,0,13
3,PIZZA BOX 30x20x3 (3x strapped),19,240.72,29.24,0,0.0,0.0,,19,100.0,240.72,12.67,0,0.0,0.0,,1,18
3,WRAP 40''x30'',10,130.25,7.64,0,0.0,0.0,,10,100.0,130.25,13.03,0,0.0,0.0,,0,10
3,PIZZA BOX 27x23x2 (3x strapped),3,37.28,21.92,0,0.0,0.0,,3,100.0,37.28,12.43,0,0.0,0.0,,0,3
3,WRAP 40''x30'' [x3],2,46.21,32.67,0,0.0,0.0,,2,100.0,46.21,23.1,0,0.0,0.0,,1,1
4,PIZZA BOX 20x16x1,40585,210363.65,1.27,21394,52.7,125901.27,5.88,186,0.5,1540.3,8.28,19005,46.8,82922.08,4.36,186,0
4,PIZZA BOX 12x8x1,19327,81814.42,0.7,12971,67.1,55560.13,4.28,17,0.1,141.3,8.31,6339,32.8,26112.99,4.12,17,0
4,PIZZA BOX 16x12x2,14865,87065.71,2.19,7799,52.5,54903.93,7.04,340,2.3,2811.77,8.27,6726,45.2,29350.01,4.36,340,0
4,WRAP 16''x12'',14013,71465.78,1.3,7008,50.0,41284.8,5.89,28,0.2,231.09,8.25,6977,49.8,29949.89,4.29,28,0
4,PIZZA BOX 24x20x2,13553,101804.23,4.23,3686,27.2,40365.44,10.95,3817,28.2,33616.14,8.81,6050,44.6,27822.65,4.6,3720,97
4,PIZZA BOX 20x16x2,12282,78430.74,3.2,6546,53.3,49800.12,7.61,805,6.6,6740.12,8.37,4931,40.1,21890.5,4.44,805,0
4,PIZZA BOX 36x24x2,12025,120173.72,5.9,874,7.3,11564.5,13.23,8374,69.6,94571.18,11.29,2777,23.1,14038.04,5.06,355,8019
4,PIZZA BOX 42x32x2,9291,131256.28,8.73,0,0.0,0.0,,9291,100.0,131256.28,14.13,0,0.0,0.0,,9290,1
4,WRAP 24''x16'',8107,53787.32,2.62,1755,21.6,18013.47,10.26,2046,25.2,16984.34,8.3,4306,53.1,18789.51,4.36,1990,56
4,PIZZA BOX 40x30x1,6846,65187.26,3.35,2088,30.5,22353.32,10.71,4758,69.5,42833.94,9.0,0,0.0,0.0,,4663,95
4,"CROSS PACKAGING 30X24""",5109,42010.69,5.88,914,17.9,10504.56,11.49,2918,57.1,25478.2,8.73,1277,25.0,6027.93,4.72,2771,147
4,PIZZA BOX 48X36X1,4985,74426.07,8.0,0,0.0,0.0,,4985,100.0,74426.07,14.93,0,0.0,0.0,,4983,2
4,"21"" Tube",4704,25595.53,0.59,1895,40.3,13096.06,6.91,110,2.3,922.17,8.38,2699,57.4,11577.3,4.29,107,3
4,PIZZA BOX 30x20x3,3387,28501.05,5.51,345,10.2,4596.19,13.32,1317,38.9,15349.32,11.65,1725,50.9,8555.54,4.96,112,1205
4,POLY BAG 9x12,1963,8640.42,0.85,1597,81.4,7080.33,4.43,0,0.0,0.0,,366,18.6,1560.09,4.26,0,0
4,"26"" Tube",1673,9133.21,0.68,632,37.8,4368.98,6.91,74,4.4,615.87,8.32,967,57.8,4148.36,4.29,72,2
4,MUG BOX 16x12x8,1640,10746.93,4.59,848,51.7,6838.66,8.06,40,2.4,357.04,8.93,752,45.9,3551.23,4.72,40,0
4,MUG BOX 5x5x5,1528,6787.85,0.89,707,46.3,3379.18,4.78,1,0.1,8.32,8.32,820,53.7,3400.35,4.15,1,0
4,MIXPIX BOX,1137,5731.13,1.31,615,54.1,3329.6,5.41,39,3.4,324.46,8.32,483,42.5,2077.07,4.3,39,0
4,"",915,5094.23,2.31,369,40.3,2635.11,7.14,10,1.1,118.65,11.87,536,58.6,2340.47,4.37,8,2
4,"CROSS PACKAGING 49X30""",810,13984.81,17.93,0,0.0,0.0,,810,100.0,13984.81,17.27,0,0.0,0.0,,807,3
4,PIZZA BOX 27x23x2,797,6680.93,7.28,163,20.5,2109.8,12.94,233,29.2,2604.28,11.18,401,50.3,1966.85,4.9,24,209
4,BUBBLE MAILER 9x14,712,2815.45,0.47,610,85.7,2398.08,3.93,0,0.0,0.0,,102,14.3,417.37,4.09,0,0
4,"POLY BAG 14,5x19",700,4267.15,3.76,288,41.1,2265.58,7.87,18,2.6,160.57,8.92,394,56.3,1841.0,4.67,18,0
4,PIZZA BOX 42x32x2 (2x strapped),690,15053.33,23.05,0,0.0,0.0,,690,100.0,15053.33,21.82,0,0.0,0.0,,653,37
4,PIZZA BOX 24x20x2 (2x strapped),562,5142.41,10.86,7,1.2,95.11,13.59,310,55.2,3691.18,11.91,245,43.6,1356.12,5.54,25,285
4,BOX 16x24x12,513,5936.57,9.64,0,0.0,0.0,,462,90.1,5520.19,11.95,51,9.9,416.38,8.16,0,462
4,MUG BOX 9x7x5,512,2713.01,1.72,250,48.8,1589.33,6.36,0,0.0,0.0,,262,51.2,1123.68,4.29,0,0
4,PIZZA BOX 30x20x3 (2x strapped),497,5660.53,10.95,0,0.0,0.0,,384,77.3,4795.49,12.49,113,22.7,865.04,7.66,4,380
4,Carpet Box 22x4x4,422,2538.79,1.39,57,13.5,562.27,9.86,104,24.6,858.35,8.25,261,61.8,1118.17,4.28,104,0
4,PIZZA BOX 40x30x2,407,5108.18,7.95,1,0.2,13.18,13.18,406,99.8,5095.0,12.55,0,0.0,0.0,,195,211
4,PIZZA BOX 36x24x2 (2x strapped),403,4995.02,15.87,0,0.0,0.0,,329,81.6,4444.41,13.51,74,18.4,550.61,7.44,52,277
4,MUG BOX 16x6x4,369,2393.03,2.92,179,48.5,1327.2,7.41,61,16.5,503.45,8.25,129,35.0,562.38,4.36,61,0
4,"CROSS PACKAGING 40X30""",365,4608.84,12.71,4,1.1,56.0,14.0,349,95.6,4489.31,12.86,12,3.3,63.53,5.29,142,207
4,POLY BAG 12x15,323,1334.05,0.64,277,85.8,1135.96,4.1,0,0.0,0.0,,46,14.2,198.09,4.31,0,0
4,PIZZA BOX 42x32x2 (3x strapped),315,8654.41,36.77,0,0.0,0.0,,315,100.0,8654.41,27.47,0,0.0,0.0,,134,181
4,WRAP 36''x24'' [x2],231,2934.53,7.39,0,0.0,0.0,,207,89.6,2729.6,13.19,24,10.4,204.93,8.54,0,207
4,PIZZA BOX 36x24x2 (3x strapped),228,3381.15,23.95,0,0.0,0.0,,223,97.8,3334.67,14.95,5,2.2,46.48,9.3,0,223
4,MIXPIX BOX_(2),168,1106.53,2.18,53,31.5,384.98,7.26,56,33.3,462.19,8.25,59,35.1,259.36,4.4,56,0
4,"CROSS PACKAGING 40X40""",153,2380.6,16.4,0,0.0,0.0,,153,100.0,2380.6,15.56,0,0.0,0.0,,152,1
4,PIZZA BOX 40x30x2 (2x strapped),137,2682.74,16.52,0,0.0,0.0,,137,100.0,2682.74,19.58,0,0.0,0.0,,136,1
4,MIXPIX BOX_(4),130,515.55,0.64,125,96.2,482.15,3.86,3,2.3,24.76,8.25,2,1.5,8.64,4.32,3,0
4,PIZZA BOX 40x30x2 (3x strapped),125,3121.16,34.1,0,0.0,0.0,,125,100.0,3121.16,24.97,0,0.0,0.0,,35,90
4,Carpet Box 37x5x5,117,944.63,3.29,28,23.9,297.59,10.63,64,54.7,535.55,8.37,25,21.4,111.49,4.46,64,0
4,PIZZA BOX 24x20x2 (3x strapped),99,1043.07,15.81,0,0.0,0.0,,65,65.7,809.38,12.45,34,34.3,233.69,6.87,4,61
4,WRAP 27''x23'',90,707.15,5.14,14,15.6,160.64,11.47,46,51.1,406.67,8.84,30,33.3,139.84,4.66,45,1
4,WRAP 36''x24'',85,740.13,9.32,2,2.4,27.71,13.86,43,50.6,502.42,11.68,40,47.1,210.0,5.25,0,43
4,PIZZA BOX 27x23x2 (2x strapped),59,591.37,15.63,0,0.0,0.0,,31,52.5,401.63,12.96,28,47.5,189.74,6.78,0,31
4,PIZZA BOX 30x20x3 (3x strapped),50,643.65,24.26,0,0.0,0.0,,49,98.0,633.47,12.93,1,2.0,10.18,10.18,0,49
4,WRAP 40''x30'',28,325.06,7.61,0,0.0,0.0,,28,100.0,325.06,11.61,0,0.0,0.0,,1,27
4,WRAP 36''x24'' [x3],21,314.75,31.17,0,0.0,0.0,,21,100.0,314.75,14.99,0,0.0,0.0,,0,21
4,PIZZA BOX 27x23x2 (3x strapped),12,151.83,26.85,0,0.0,0.0,,11,91.7,142.97,13.0,1,8.3,8.86,8.86,0,11
4,WRAP 40''x30'' [x3],4,106.02,22.17,0,0.0,0.0,,4,100.0,106.02,26.5,0,0.0,0.0,,2,2
4,PAPIER-VERSANDTASCHE klein 250x353x50,1,4.31,1.1,0,0.0,0.0,,0,0.0,0.0,,1,100.0,4.31,4.31,0,0
5,PIZZA BOX 20x16x1,28082,169299.65,1.27,11809,42.1,78459.82,6.64,4971,17.7,41113.31,8.27,11302,40.2,49726.52,4.4,4948,23
5,PIZZA BOX 12x8x1,13425,59075.35,0.69,6412,47.8,29528.68,4.61,75,0.6,629.48,8.39,6938,51.7,28917.19,4.17,74,1
5,PIZZA BOX 16x12x2,10582,69618.09,2.19,4128,39.0,33256.09,8.06,2014,19.0,16789.84,8.34,4440,42.0,19572.16,4.41,1981,33
5,WRAP 16''x12'',10018,53951.72,1.31,3913,39.1,26183.09,6.69,288,2.9,2419.49,8.4,5817,58.1,25349.14,4.36,275,13
5,PIZZA BOX 24x20x2,9974,76228.83,4.28,1624,16.3,19749.08,12.16,2870,28.8,30814.11,10.74,5480,54.9,25665.64,4.68,2642,228
5,PIZZA BOX 36x24x2,9247,96240.79,6.02,126,1.4,1886.61,14.97,6515,70.5,80936.32,12.42,2606,28.2,13417.86,5.15,469,6046
5,PIZZA BOX 20x16x2,8627,57262.37,3.2,3246,37.6,28855.61,8.89,847,9.8,7881.22,9.3,4534,52.6,20525.54,4.53,815,32
5,PIZZA BOX 42x32x2,6683,107326.37,8.95,0,0.0,0.0,,6683,100.0,107326.37,16.06,0,0.0,0.0,,6682,1
5,WRAP 24''x16'',5517,39567.82,2.62,956,17.3,10658.22,11.15,2105,38.2,18097.65,8.6,2456,44.5,10811.95,4.4,2044,61
5,PIZZA BOX 40x30x1,4972,51841.74,3.32,1296,26.1,15432.39,11.91,3676,73.9,36409.35,9.9,0,0.0,0.0,,3565,111
5,PIZZA BOX 48X36X1,4944,87037.95,8.04,0,0.0,0.0,,4944,100.0,87037.95,17.6,0,0.0,0.0,,4943,1
5,"CROSS PACKAGING 30X24""",3756,26811.0,6.01,196,5.2,2515.01,12.83,1150,30.6,12818.43,11.15,2410,64.2,11477.56,4.76,1046,104
5,"21"" Tube",2812,17156.37,0.6,875,31.1,6350.15,7.26,608,21.6,5063.41,8.33,1329,47.3,5742.81,4.32,608,0
5,PIZZA BOX 30x20x3,2494,20957.34,5.51,41,1.6,634.88,15.48,973,39.0,12843.01,13.2,1480,59.3,7479.45,5.05,135,838
5,POLY BAG 9x12,1178,5378.46,0.84,417,35.4,2037.44,4.89,7,0.6,57.77,8.25,754,64.0,3283.25,4.35,7,0
5,MUG BOX 16x12x8,1169,8104.26,4.56,353,30.2,3417.75,9.68,147,12.6,1484.48,10.1,669,57.2,3202.03,4.79,137,10
5,"26"" Tube",1128,6195.42,0.66,357,31.6,2586.13,7.24,62,5.5,522.91,8.43,709,62.9,3086.38,4.35,62,0
5,MUG BOX 5x5x5,1040,4727.66,0.89,353,33.9,1823.17,5.16,1,0.1,8.25,8.25,686,66.0,2896.24,4.22,1,0
5,PIZZA BOX 42x32x2 (2x strapped),724,18619.07,22.91,0,0.0,0.0,,724,100.0,18619.07,25.72,0,0.0,0.0,,542,182
5,MIXPIX BOX,670,3438.62,1.23,295,44.0,1744.86,5.91,12,1.8,107.36,8.95,363,54.2,1586.4,4.37,12,0
5,"CROSS PACKAGING 49X30""",639,13058.24,17.97,0,0.0,0.0,,639,100.0,13058.24,20.44,0,0.0,0.0,,632,7
5,"",627,3913.1,2.21,189,30.1,1520.23,8.04,121,19.3,998.65,8.25,317,50.6,1394.22,4.4,121,0
5,PIZZA BOX 27x23x2,588,5066.91,7.36,11,1.9,154.46,14.04,244,41.5,3245.47,13.3,333,56.6,1666.98,5.01,40,204
5,"POLY BAG 14,5x19",541,3464.72,3.74,119,22.0,1154.29,9.7,59,10.9,584.85,9.91,363,67.1,1725.58,4.75,59,0
5,BUBBLE MAILER 9x14,475,1920.11,0.47,369,77.7,1480.56,4.01,0,0.0,0.0,,106,22.3,439.55,4.15,0,0
5,PIZZA BOX 24x20x2 (2x strapped),449,3916.46,10.95,4,0.9,59.76,14.94,183,40.8,2378.9,13.0,262,58.4,1477.8,5.64,21,162
5,BOX 16x24x12,431,5418.06,9.6,0,0.0,0.0,,315,73.1,4454.25,14.14,116,26.9,963.81,8.31,6,309
5,PIZZA BOX 40x30x2,393,5590.96,7.69,4,1.0,56.74,14.18,389,99.0,5534.22,14.23,0,0.0,0.0,,204,185
5,PIZZA BOX 36x24x2 (2x strapped),358,4546.34,16.09,0,0.0,0.0,,217,60.6,3482.96,16.05,141,39.4,1063.38,7.54,39,178
5,PIZZA BOX 30x20x3 (2x strapped),351,3974.56,11.11,0,0.0,0.0,,160,45.6,2479.43,15.5,191,54.4,1495.13,7.83,3,157
5,PIZZA BOX 42x32x2 (3x strapped),345,10580.89,37.31,0,0.0,0.0,,345,100.0,10580.89,30.67,0,0.0,0.0,,14,331
5,"CROSS PACKAGING 40X30""",341,4761.45,13.2,3,0.9,44.55,14.85,320,93.8,4619.45,14.44,18,5.3,97.45,5.41,121,199
5,MUG BOX 9x7x5,339,1832.09,1.77,106,31.3,793.16,7.48,6,1.8,49.52,8.25,227,67.0,989.41,4.36,6,0
5,MUG BOX 16x6x4,267,1673.79,2.97,63,23.6,555.8,8.82,51,19.1,437.72,8.58,153,57.3,680.27,4.45,50,1
5,Carpet Box 22x4x4,265,1644.21,1.39,46,17.4,491.49,10.68,46,17.4,400.03,8.7,173,65.3,752.69,4.35,43,3
5,PIZZA BOX 36x24x2 (3x strapped),203,3577.21,24.91,0,0.0,0.0,,191,94.1,3463.61,18.13,12,5.9,113.6,9.47,5,186
5,POLY BAG 12x15,201,898.46,0.67,161,80.1,717.61,4.46,2,1.0,17.29,8.64,38,18.9,163.56,4.3,2,0
5,WRAP 36''x24'' [x2],143,1953.69,8.49,0,0.0,0.0,,110,76.9,1668.8,15.17,33,23.1,284.89,8.63,1,109
5,MIXPIX BOX_(2),116,673.72,2.39,36,31.0,296.05,8.22,4,3.4,34.57,8.64,76,65.5,343.1,4.51,4,0
5,PIZZA BOX 40x30x2 (3x strapped),115,3252.99,32.53,0,0.0,0.0,,115,100.0,3252.99,28.29,0,0.0,0.0,,12,103
5,"CROSS PACKAGING 40X40""",114,2083.5,16.82,0,0.0,0.0,,114,100.0,2083.5,18.28,0,0.0,0.0,,111,3
5,PIZZA BOX 40x30x2 (2x strapped),94,2111.26,16.65,0,0.0,0.0,,94,100.0,2111.26,22.46,0,0.0,0.0,,51,43
5,WRAP 36''x24'',89,804.44,9.18,1,1.1,16.4,16.4,40,44.9,523.97,13.1,48,53.9,264.07,5.5,7,33
5,PIZZA BOX 24x20x2 (3x strapped),87,912.81,16.59,0,0.0,0.0,,39,44.8,575.56,14.76,48,55.2,337.25,7.03,5,34
5,Carpet Box 37x5x5,82,592.73,3.64,8,9.8,97.47,12.18,29,35.4,289.16,9.97,45,54.9,206.1,4.58,29,0
5,MIXPIX BOX_(4),64,267.12,0.52,63,98.4,262.68,4.17,0,0.0,0.0,,1,1.6,4.44,4.44,0,0
5,WRAP 27''x23'',51,400.96,5.85,5,9.8,67.06,13.41,16,31.4,191.1,11.94,30,58.8,142.8,4.76,16,0
5,PIZZA BOX 27x23x2 (2x strapped),45,538.49,17.39,0,0.0,0.0,,29,64.4,423.19,14.59,16,35.6,115.3,7.21,0,29
5,PIZZA BOX 30x20x3 (3x strapped),38,583.72,27.15,0,0.0,0.0,,37,97.4,573.54,15.5,1,2.6,10.18,10.18,0,37
5,WRAP 40''x30'',13,193.19,6.21,0,0.0,0.0,,13,100.0,193.19,14.86,0,0.0,0.0,,2,11
5,PIZZA BOX 27x23x2 (3x strapped),10,146.15,24.25,0,0.0,0.0,,9,90.0,137.29,15.25,1,10.0,8.86,8.86,0,9
5,WRAP 36''x24'' [x3],7,113.73,33.05,0,0.0,0.0,,7,100.0,113.73,16.25,0,0.0,0.0,,0,7
6,PIZZA BOX 20x16x1,6038,39247.07,1.29,3698,61.2,27127.35,7.34,403,6.7,3448.47,8.56,1937,32.1,8671.25,4.48,403,0
6,PIZZA BOX 12x8x1,2782,13354.56,0.68,1806,64.9,9016.41,4.99,56,2.0,466.05,8.32,920,33.1,3872.1,4.21,56,0
6,WRAP 16''x12'',2380,15423.27,1.31,1464,61.5,10534.34,7.2,208,8.7,1774.74,8.53,708,29.7,3114.19,4.4,208,0
6,PIZZA BOX 24x20x2,2289,21401.28,4.3,148,6.5,1858.46,12.56,1492,65.2,16476.23,11.04,649,28.4,3066.59,4.73,1476,16
6,PIZZA BOX 16x12x2,2256,16815.4,2.24,882,39.1,7994.3,9.06,647,28.7,5558.79,8.59,727,32.2,3262.31,4.49,643,4
6,PIZZA BOX 36x24x2,2166,25341.8,6.14,0,0.0,0.0,,1861,85.9,23761.9,12.77,305,14.1,1579.9,5.18,49,1812
6,PIZZA BOX 20x16x2,2023,17115.05,3.24,678,33.5,7177.68,10.59,777,38.4,7337.39,9.44,568,28.1,2599.98,4.58,761,16
6,PIZZA BOX 48X36X1,1597,32532.76,7.87,0,0.0,0.0,,1597,100.0,32532.76,20.37,0,0.0,0.0,,1596,1
6,PIZZA BOX 40x30x1,1286,14146.54,3.52,149,11.6,1890.52,12.69,1137,88.4,12256.02,10.78,0,0.0,0.0,,1093,44
6,WRAP 24''x16'',1258,9888.67,2.62,111,8.8,1390.28,12.53,675,53.7,6384.73,9.46,472,37.5,2113.66,4.48,670,5
6,PIZZA BOX 42x32x2,1013,19267.05,9.23,0,0.0,0.0,,1013,100.0,19267.05,19.02,0,0.0,0.0,,1012,1
6,"CROSS PACKAGING 30X24""",863,7919.26,6.19,1,0.1,17.25,17.25,566,65.6,6480.79,11.45,296,34.3,1421.22,4.8,494,72
6,"21"" Tube",622,4435.11,0.71,338,54.3,2512.48,7.43,165,26.5,1401.64,8.49,119,19.1,520.99,4.38,164,1
6,PIZZA BOX 30x20x3,580,5927.43,5.72,0,0.0,0.0,,375,64.7,4879.99,13.01,205,35.3,1047.44,5.11,9,366
6,PIZZA BOX 42x32x2 (2x strapped),270,8274.13,21.12,0,0.0,0.0,,270,100.0,8274.13,30.64,0,0.0,0.0,,144,126
6,"26"" Tube",246,1597.27,0.75,137,55.7,1043.14,7.61,18,7.3,153.66,8.54,91,37.0,400.47,4.4,18,0
6,MUG BOX 16x12x8,237,2186.33,4.86,91,38.4,1011.8,11.12,83,35.0,870.56,10.49,63,26.6,303.97,4.82,69,14
6,POLY BAG 9x12,236,1194.52,0.84,136,57.6,686.82,5.05,18,7.6,148.82,8.27,82,34.7,358.88,4.38,18,0
6,MUG BOX 5x5x5,217,1121.55,0.89,146,67.3,819.35,5.61,0,0.0,0.0,,71,32.7,302.2,4.26,0,0
6,"",179,1286.67,2.2,33,18.4,311.94,9.45,80,44.7,681.35,8.52,66,36.9,293.38,4.45,80,0
6,MIXPIX BOX,154,908.65,1.24,72,46.8,449.86,6.25,24,15.6,203.01,8.46,58,37.7,255.78,4.41,24,0
6,PIZZA BOX 27x23x2,147,1685.88,7.35,0,0.0,0.0,,111,75.5,1502.37,13.53,36,24.5,183.51,5.1,8,103
6,PIZZA BOX 40x30x2,142,2414.28,7.59,0,0.0,0.0,,142,100.0,2414.28,17.0,0,0.0,0.0,,95,47
6,PIZZA BOX 24x20x2 (2x strapped),140,1667.79,10.64,0,0.0,0.0,,115,82.1,1524.99,13.26,25,17.9,142.8,5.71,3,112
6,"CROSS PACKAGING 40X30""",137,2240.93,12.84,0,0.0,0.0,,134,97.8,2220.49,16.57,3,2.2,20.44,6.81,60,74
6,BOX 16x24x12,108,1571.44,9.51,0,0.0,0.0,,79,73.1,1330.9,16.85,29,26.9,240.54,8.29,0,79
6,BUBBLE MAILER 9x14,105,463.39,0.44,93,88.6,405.03,4.36,2,1.9,16.51,8.25,10,9.5,41.85,4.19,2,0
6,PIZZA BOX 30x20x3 (2x strapped),102,1417.45,11.35,0,0.0,0.0,,70,68.6,1164.09,16.63,32,31.4,253.36,7.92,0,70
6,"CROSS PACKAGING 49X30""",99,2462.32,17.4,0,0.0,0.0,,99,100.0,2462.32,24.87,0,0.0,0.0,,99,0
6,"POLY BAG 14,5x19",98,838.28,3.96,24,24.5,276.63,11.53,40,40.8,398.01,9.95,34,34.7,163.64,4.81,40,0
6,PIZZA BOX 36x24x2 (2x strapped),84,1328.45,14.88,0,0.0,0.0,,69,82.1,1213.05,17.58,15,17.9,115.4,7.69,0,69
6,MUG BOX 9x7x5,72,523.46,1.72,30,41.7,242.55,8.08,25,34.7,206.6,8.26,17,23.6,74.31,4.37,25,0
6,PIZZA BOX 36x24x2 (3x strapped),63,1268.93,24.96,0,0.0,0.0,,59,93.7,1230.21,20.85,4,6.3,38.72,9.68,0,59
6,MUG BOX 16x6x4,61,466.72,2.91,20,32.8,197.6,9.88,21,34.4,179.07,8.53,20,32.8,90.05,4.5,21,0
6,PIZZA BOX 42x32x2 (3x strapped),56,1965.42,37.67,0,0.0,0.0,,56,100.0,1965.42,35.1,0,0.0,0.0,,0,56
6,Carpet Box 22x4x4,46,338.05,1.39,6,13.0,69.84,11.64,24,52.2,198.08,8.25,16,34.8,70.13,4.38,24,0
6,PIZZA BOX 40x30x2 (3x strapped),40,1323.13,34.16,0,0.0,0.0,,40,100.0,1323.13,33.08,0,0.0,0.0,,4,36
6,WRAP 36''x24'',32,348.23,8.94,0,0.0,0.0,,23,71.9,300.97,13.09,9,28.1,47.26,5.25,2,21
6,PIZZA BOX 24x20x2 (3x strapped),32,423.36,16.11,0,0.0,0.0,,23,71.9,360.44,15.67,9,28.1,62.92,6.99,0,23
6,MIXPIX BOX_(2),30,223.12,2.36,10,33.3,93.34,9.33,9,30.0,79.88,8.88,11,36.7,49.9,4.54,9,0
6,WRAP 36''x24'' [x2],27,439.19,8.1,0,0.0,0.0,,23,85.2,404.15,17.57,4,14.8,35.04,8.76,0,23
6,PIZZA BOX 40x30x2 (2x strapped),25,658.61,14.61,0,0.0,0.0,,25,100.0,658.61,26.34,0,0.0,0.0,,11,14
6,POLY BAG 12x15,24,117.8,0.56,15,62.5,79.14,5.28,0,0.0,0.0,,9,37.5,38.66,4.3,0,0
6,"CROSS PACKAGING 40X40""",24,529.04,17.05,0,0.0,0.0,,24,100.0,529.04,22.04,0,0.0,0.0,,24,0
6,MIXPIX BOX_(4),21,106.32,0.84,18,85.7,93.13,5.17,0,0.0,0.0,,3,14.3,13.19,4.4,0,0
6,WRAP 27''x23'',16,155.36,6.31,0,0.0,0.0,,11,68.8,131.2,11.93,5,31.2,24.16,4.83,11,0
6,Carpet Box 37x5x5,14,130.4,3.43,3,21.4,37.61,12.54,6,42.9,69.49,11.58,5,35.7,23.3,4.66,6,0
6,PIZZA BOX 27x23x2 (2x strapped),10,131.28,14.92,0,0.0,0.0,,7,70.0,109.14,15.59,3,30.0,22.14,7.38,0,7
6,PIZZA BOX 27x23x2 (3x strapped),6,97.54,26.2,0,0.0,0.0,,5,83.3,88.68,17.74,1,16.7,8.86,8.86,0,5
6,WRAP 40''x30'',3,43.65,5.95,0,0.0,0.0,,3,100.0,43.65,14.55,0,0.0,0.0,,0,3
6,PIZZA BOX 30x20x3 (3x strapped),1,18.4,28.23,0,0.0,0.0,,1,100.0,18.4,18.4,0,0.0,0.0,,0,1
7,PIZZA BOX 20x16x1,6330,51474.18,1.31,2735,43.2,20152.34,7.37,3471,54.8,30722.5,8.85,124,2.0,599.34,4.83,3469,2
7,PIZZA BOX 12x8x1,2926,18228.63,0.69,1861,63.6,9538.81,5.13,1030,35.2,8531.06,8.28,35,1.2,158.76,4.54,1030,0
7,PIZZA BOX 36x24x2,2680,34193.96,6.04,0,0.0,0.0,,2282,85.1,31959.03,14.0,398,14.9,2234.93,5.62,48,2234
7,WRAP 16''x12'',2525,17176.25,1.3,1081,42.8,7792.65,7.21,620,24.6,5492.81,8.86,824,32.6,3890.79,4.72,617,3
7,PIZZA BOX 24x20x2,2451,23952.87,4.3,121,4.9,1641.2,13.56,1559,63.6,18393.54,11.8,771,31.5,3918.13,5.08,1462,97
7,PIZZA BOX 16x12x2,2295,20834.87,2.21,669,29.2,6760.64,10.11,1531,66.7,13610.67,8.89,95,4.1,463.56,4.88,1523,8
7,PIZZA BOX 20x16x2,2129,18980.27,3.26,654,30.7,7511.35,11.49,816,38.3,8230.1,10.09,659,31.0,3238.82,4.91,808,8
7,PIZZA BOX 48X36X1,2061,49834.95,7.88,0,0.0,0.0,,2061,100.0,49834.95,24.18,0,0.0,0.0,,2059,2
7,PIZZA BOX 40x30x1,1421,16444.43,3.39,162,11.4,2209.26,13.64,1259,88.6,14235.17,11.31,0,0.0,0.0,,1216,43
7,WRAP 24''x16'',1317,12907.04,2.62,4,0.3,48.08,12.02,1294,98.3,12767.13,9.87,19,1.4,91.83,4.83,1290,4
7,PIZZA BOX 42x32x2,1259,28877.52,9.17,0,0.0,0.0,,1259,100.0,28877.52,22.94,0,0.0,0.0,,1256,3
7,"CROSS PACKAGING 30X24""",847,7947.01,6.19,0,0.0,0.0,,512,60.4,6221.45,12.15,335,39.6,1725.56,5.15,434,78
7,PIZZA BOX 30x20x3,638,7347.73,5.81,0,0.0,0.0,,437,68.5,6248.24,14.3,201,31.5,1099.49,5.47,1,436
7,"21"" Tube",610,4810.68,0.63,339,55.6,2551.08,7.53,262,43.0,2216.87,8.46,9,1.5,42.73,4.75,262,0
7,PIZZA BOX 42x32x2 (2x strapped),364,12694.67,21.7,0,0.0,0.0,,364,100.0,12694.67,34.88,0,0.0,0.0,,187,177
7,MUG BOX 16x12x8,326,3228.87,4.72,101,31.0,1201.9,11.9,136,41.7,1564.37,11.5,89,27.3,462.6,5.2,126,10
7,"26"" Tube",247,1681.9,0.76,137,55.5,1039.48,7.59,27,10.9,250.66,9.28,83,33.6,391.76,4.72,27,0
7,POLY BAG 9x12,243,1662.44,0.83,113,46.5,598.37,5.3,126,51.9,1045.19,8.3,4,1.6,18.88,4.72,126,0
7,MUG BOX 5x5x5,237,1583.31,0.89,147,62.0,853.39,5.81,86,36.3,711.68,8.28,4,1.7,18.24,4.56,86,0
7,MIXPIX BOX,208,1531.65,1.21,100,48.1,641.6,6.42,102,49.0,861.3,8.44,6,2.9,28.75,4.79,102,0
7,PIZZA BOX 40x30x2,180,3595.73,7.43,0,0.0,0.0,,180,100.0,3595.73,19.98,0,0.0,0.0,,118,62
7,PIZZA BOX 36x24x2 (2x strapped),178,3163.73,15.2,0,0.0,0.0,,145,81.5,2885.14,19.9,33,18.5,278.59,8.44,1,144
7,PIZZA BOX 27x23x2,158,1859.7,7.21,0,0.0,0.0,,113,71.5,1616.97,14.31,45,28.5,242.73,5.39,9,104
7,"",151,1384.84,2.2,34,22.5,358.23,10.54,115,76.2,1017.01,8.84,2,1.3,9.6,4.8,115,0
7,"CROSS PACKAGING 40X30""",146,2613.74,13.13,0,0.0,0.0,,141,96.6,2577.6,18.28,5,3.4,36.14,7.23,41,100
7,PIZZA BOX 24x20x2 (2x strapped),130,1595.18,10.84,0,0.0,0.0,,85,65.4,1320.99,15.54,45,34.6,274.19,6.09,0,85
7,"CROSS PACKAGING 49X30""",115,3274.1,17.51,0,0.0,0.0,,115,100.0,3274.1,28.47,0,0.0,0.0,,96,19
7,BUBBLE MAILER 9x14,106,475.85,0.4,85,80.2,367.36,4.32,4,3.8,33.69,8.42,17,16.0,74.8,4.4,4,0
7,PIZZA BOX 42x32x2 (3x strapped),105,4421.96,43.06,0,0.0,0.0,,105,100.0,4421.96,42.11,0,0.0,0.0,,0,105
7,BOX 16x24x12,105,1641.69,10.56,0,0.0,0.0,,70,66.7,1326.8,18.95,35,33.3,314.89,9.0,0,70
7,"POLY BAG 14,5x19",94,855.19,3.92,30,31.9,355.54,11.85,31,33.0,329.37,10.62,33,35.1,170.28,5.16,31,0
7,PIZZA BOX 30x20x3 (2x strapped),76,1251.35,13.05,0,0.0,0.0,,51,67.1,1036.27,20.32,25,32.9,215.08,8.6,0,51
7,MUG BOX 9x7x5,75,612.9,1.74,13,17.3,105.2,8.09,60,80.0,498.26,8.3,2,2.7,9.44,4.72,60,0
7,PIZZA BOX 36x24x2 (3x strapped),57,1088.36,22.12,0,0.0,0.0,,44,77.2,954.2,21.69,13,22.8,134.16,10.32,0,44
7,MUG BOX 16x6x4,47,432.61,2.63,12,25.5,129.15,10.76,34,72.3,298.57,8.78,1,2.1,4.89,4.89,34,0
7,Carpet Box 22x4x4,43,391.54,1.39,4,9.3,48.78,12.19,37,86.0,333.32,9.01,2,4.7,9.44,4.72,37,0
7,MIXPIX BOX_(2),39,345.3,2.42,14,35.9,135.52,9.68,19,48.7,180.44,9.5,6,15.4,29.34,4.89,19,0
7,PIZZA BOX 40x30x2 (3x strapped),38,1365.87,28.43,0,0.0,0.0,,38,100.0,1365.87,35.94,0,0.0,0.0,,5,33
7,POLY BAG 12x15,37,194.69,0.66,34,91.9,173.3,5.1,2,5.4,16.59,8.3,1,2.7,4.8,4.8,2,0
7,PIZZA BOX 40x30x2 (2x strapped),32,1000.67,19.71,0,0.0,0.0,,32,100.0,1000.67,31.27,0,0.0,0.0,,14,18
7,PIZZA BOX 24x20x2 (3x strapped),24,395.78,16.8,0,0.0,0.0,,19,79.2,357.98,18.84,5,20.8,37.8,7.56,0,19
7,WRAP 36''x24'' [x2],24,398.96,6.42,0,0.0,0.0,,17,70.8,332.46,19.56,7,29.2,66.5,9.5,0,17
7,"CROSS PACKAGING 40X40""",23,598.88,17.54,0,0.0,0.0,,23,100.0,598.88,26.04,0,0.0,0.0,,23,0
7,WRAP 36''x24'',22,253.66,9.21,0,0.0,0.0,,13,59.1,197.89,15.22,9,40.9,55.77,6.2,0,13
7,PIZZA BOX 27x23x2 (2x strapped),21,359.22,18.64,0,0.0,0.0,,16,76.2,320.55,20.03,5,23.8,38.67,7.73,0,16
7,MIXPIX BOX_(4),20,98.09,0.46,18,90.0,81.5,4.53,2,10.0,16.59,8.3,0,0.0,0.0,,2,0
7,PIZZA BOX 27x23x2 (3x strapped),10,173.08,27.71,0,0.0,0.0,,7,70.0,142.67,20.38,3,30.0,30.41,10.14,0,7
7,WRAP 27''x23'',8,90.38,7.48,0,0.0,0.0,,7,87.5,85.22,12.17,1,12.5,5.16,5.16,7,0
7,PIZZA BOX 30x20x3 (3x strapped),6,124.73,26.93,0,0.0,0.0,,6,100.0,124.73,20.79,0,0.0,0.0,,0,6
7,WRAP 40''x30'',6,96.17,7.19,0,0.0,0.0,,6,100.0,96.17,16.03,0,0.0,0.0,,0,6
7,Carpet Box 37x5x5,6,44.76,4.08,0,0.0,0.0,,3,50.0,29.82,9.94,3,50.0,14.94,4.98,3,0
7,WRAP 36''x24'' [x3],1,26.28,38.25,0,0.0,0.0,,1,100.0,26.28,26.28,0,0.0,0.0,,0,1
8,PIZZA BOX 20x16x1,14193,86953.12,1.3,3811,26.9,31628.49,8.3,1156,8.1,10820.03,9.36,9226,65.0,44504.6,4.82,1151,5
8,PIZZA BOX 12x8x1,6656,46188.74,0.69,2430,36.5,13357.14,5.5,3648,54.8,30178.06,8.27,578,8.7,2653.54,4.59,3648,0
8,WRAP 16''x12'',5738,34677.24,1.31,1587,27.7,13008.16,8.2,425,7.4,3964.26,9.33,3726,64.9,17704.82,4.75,420,5
8,PIZZA BOX 16x12x2,5328,36209.49,2.2,1125,21.1,12527.02,11.14,696,13.1,6746.36,9.69,3507,65.8,16936.11,4.83,679,17
8,PIZZA BOX 24x20x2,5096,41513.38,4.28,68,1.3,1009.27,14.84,1841,36.1,24212.47,13.15,3187,62.5,16291.64,5.11,1657,184
8,PIZZA BOX 36x24x2,4861,59806.38,6.0,0,0.0,0.0,,3472,71.4,51998.15,14.98,1389,28.6,7808.23,5.62,46,3426
8,PIZZA BOX 20x16x2,4432,33894.65,3.27,890,20.1,11150.2,12.53,792,17.9,9157.94,11.56,2750,62.0,13586.51,4.94,751,41
8,PIZZA BOX 48X36X1,3506,94394.09,7.91,0,0.0,0.0,,3506,100.0,94394.09,26.92,0,0.0,0.0,,3496,10
8,WRAP 24''x16'',3047,20859.0,2.61,5,0.2,64.9,12.98,929,30.5,10600.88,11.41,2113,69.3,10193.22,4.82,922,7
8,PIZZA BOX 40x30x1,2801,34268.62,3.41,69,2.5,994.95,14.42,2732,97.5,33273.67,12.18,0,0.0,0.0,,2456,276
8,PIZZA BOX 42x32x2,2253,53951.51,9.18,0,0.0,0.0,,2253,100.0,53951.51,23.95,0,0.0,0.0,,2243,10
8,"CROSS PACKAGING 30X24""",2144,16693.85,6.01,0,0.0,0.0,,680,31.7,9106.16,13.39,1464,68.3,7587.69,5.18,574,106
8,"21"" Tube",1504,11940.45,0.62,387,25.7,2967.71,7.67,966,64.2,8248.13,8.54,151,10.0,724.61,4.8,966,0
8,PIZZA BOX 30x20x3,1324,12140.13,5.29,0,0.0,0.0,,466,35.2,7425.62,15.93,858,64.8,4714.51,5.49,3,463
8,POLY BAG 9x12,870,6496.99,0.83,233,26.8,1373.61,5.9,569,65.4,4798.14,8.43,68,7.8,325.24,4.78,569,0
8,MUG BOX 16x12x8,697,5778.3,4.74,121,17.4,1558.24,12.88,146,20.9,1968.48,13.48,430,61.7,2251.58,5.24,107,39
8,MUG BOX 5x5x5,634,4686.4,0.89,180,28.4,1118.06,6.21,403,63.6,3331.03,8.27,51,8.0,237.31,4.65,403,0
8,"26"" Tube",595,3448.7,0.67,149,25.0,1168.04,7.84,25,4.2,281.86,11.27,421,70.8,1998.8,4.75,18,7
8,PIZZA BOX 42x32x2 (2x strapped),515,19569.21,21.4,0,0.0,0.0,,515,100.0,19569.21,38.0,0,0.0,0.0,,7,508
8,MIXPIX BOX,493,3849.67,1.25,116,23.5,844.72,7.28,316,64.1,2709.66,8.57,61,12.4,295.29,4.84,316,0
8,"",381,2395.43,2.2,57,15.0,668.61,11.73,37,9.7,343.2,9.28,287,75.3,1383.62,4.82,37,0
8,PIZZA BOX 40x30x2,358,7334.25,7.47,0,0.0,0.0,,358,100.0,7334.25,20.49,0,0.0,0.0,,226,132
8,PIZZA BOX 27x23x2,312,2894.19,7.21,0,0.0,0.0,,120,38.5,1844.11,15.37,192,61.5,1050.08,5.47,9,111
8,PIZZA BOX 24x20x2 (2x strapped),292,3200.71,10.73,0,0.0,0.0,,132,45.2,2221.12,16.83,160,54.8,979.59,6.12,0,132
8,"POLY BAG 14,5x19",286,2056.3,3.86,47,16.4,626.45,13.33,28,9.8,335.83,11.99,211,73.8,1094.02,5.18,28,0
8,"CROSS PACKAGING 40X30""",280,5299.85,12.76,0,0.0,0.0,,265,94.6,5207.96,19.65,15,5.4,91.89,6.13,83,182
8,BUBBLE MAILER 9x14,273,1446.34,0.48,199,72.9,941.0,4.73,46,16.8,381.45,8.29,28,10.3,123.89,4.42,46,0
8,BOX 16x24x12,269,3605.95,9.86,0,0.0,0.0,,93,34.6,2002.74,21.53,176,65.4,1603.21,9.11,0,93
8,MUG BOX 9x7x5,251,2077.32,1.76,49,19.5,450.62,9.2,181,72.1,1526.3,8.43,21,8.4,100.4,4.78,181,0
8,PIZZA BOX 36x24x2 (2x strapped),231,3361.13,15.19,0,0.0,0.0,,90,39.0,2159.18,23.99,141,61.0,1201.95,8.52,1,89
8,"CROSS PACKAGING 49X30""",213,6810.48,17.88,0,0.0,0.0,,213,100.0,6810.48,31.97,0,0.0,0.0,,152,61
8,PIZZA BOX 30x20x3 (2x strapped),196,2427.81,10.53,0,0.0,0.0,,55,28.1,1215.05,22.09,141,71.9,1212.76,8.6,0,55
8,MUG BOX 16x6x4,188,1386.27,2.89,30,16.0,351.32,11.71,59,31.4,553.18,9.38,99,52.7,481.77,4.87,58,1
8,PIZZA BOX 42x32x2 (3x strapped),163,6975.84,38.76,0,0.0,0.0,,163,100.0,6975.84,42.8,0,0.0,0.0,,0,163
8,Carpet Box 22x4x4,140,1211.41,1.39,0,0.0,0.0,,128,91.4,1154.17,9.02,12,8.6,57.24,4.77,128,0
8,PIZZA BOX 36x24x2 (3x strapped),118,2546.42,24.57,0,0.0,0.0,,74,62.7,2086.72,28.2,44,37.3,459.7,10.45,0,74
8,POLY BAG 12x15,109,575.32,0.65,34,31.2,198.51,5.84,6,5.5,51.39,8.56,69,63.3,325.42,4.72,6,0
8,PIZZA BOX 40x30x2 (2x strapped),72,2435.67,17.86,0,0.0,0.0,,72,100.0,2435.67,33.83,0,0.0,0.0,,29,43
8,MIXPIX BOX_(2),70,423.69,2.39,7,10.0,81.04,11.58,6,8.6,62.94,10.49,57,81.4,279.71,4.91,6,0
8,WRAP 36''x24'' [x2],62,928.82,8.83,0,0.0,0.0,,20,32.3,527.42,26.37,42,67.7,401.4,9.56,0,20
8,PIZZA BOX 40x30x2 (3x strapped),56,2243.53,34.65,0,0.0,0.0,,56,100.0,2243.53,40.06,0,0.0,0.0,,0,56
8,PIZZA BOX 24x20x2 (3x strapped),51,673.24,16.33,0,0.0,0.0,,21,41.2,436.21,20.77,30,58.8,237.03,7.9,0,21
8,Carpet Box 37x5x5,45,276.0,3.48,0,0.0,0.0,,6,13.3,79.68,13.28,39,86.7,196.32,5.03,6,0
8,"CROSS PACKAGING 40X40""",42,1163.21,17.36,0,0.0,0.0,,42,100.0,1163.21,27.7,0,0.0,0.0,,40,2
8,MIXPIX BOX_(4),41,264.18,0.78,22,53.7,122.05,5.55,14,34.1,118.06,8.43,5,12.2,24.07,4.81,14,0
8,WRAP 36''x24'',32,319.15,11.05,0,0.0,0.0,,11,34.4,181.35,16.49,21,65.6,137.8,6.56,0,11
8,PIZZA BOX 27x23x2 (2x strapped),30,333.61,15.98,0,0.0,0.0,,8,26.7,165.91,20.74,22,73.3,167.7,7.62,0,8
8,WRAP 27''x23'',26,166.11,6.27,0,0.0,0.0,,4,15.4,51.42,12.86,22,84.6,114.69,5.21,4,0
8,PIZZA BOX 30x20x3 (3x strapped),20,403.69,25.49,0,0.0,0.0,,14,70.0,335.95,24.0,6,30.0,67.74,11.29,0,14
8,WRAP 40''x30'',7,128.42,6.33,0,0.0,0.0,,7,100.0,128.42,18.35,0,0.0,0.0,,0,7
8,WRAP 36''x24'' [x3],6,187.39,36.39,0,0.0,0.0,,6,100.0,187.39,31.23,0,0.0,0.0,,0,6
8,PIZZA BOX 27x23x2 (3x strapped),3,45.13,24.68,0,0.0,0.0,,1,33.3,24.09,24.09,2,66.7,21.04,10.52,0,1
9,PIZZA BOX 20x16x1,90,437.49,0.99,33,36.7,155.91,4.72,0,0.0,0.0,,57,63.3,281.58,4.94,0,0
9,PIZZA BOX 48X36X1,89,4628.19,8.29,0,0.0,0.0,,89,100.0,4628.19,52.0,0,0.0,0.0,,89,0
9,PIZZA BOX 36x24x2,51,507.92,6.6,26,51.0,365.58,14.06,0,0.0,0.0,,25,49.0,142.34,5.69,0,0
9,WRAP 24''x16'',43,212.51,2.58,0,0.0,0.0,,0,0.0,0.0,,43,100.0,212.51,4.94,0,0
9,PIZZA BOX 24x20x2,36,209.08,4.3,4,11.1,42.16,10.54,0,0.0,0.0,,32,88.9,166.92,5.22,0,0
9,PIZZA BOX 20x16x2,32,164.58,3.53,1,3.1,7.38,7.38,0,0.0,0.0,,31,96.9,157.2,5.07,0,0
9,"CROSS PACKAGING 30X24""",32,176.66,6.15,1,3.1,12.09,12.09,0,0.0,0.0,,31,96.9,164.57,5.31,0,0
9,PIZZA BOX 12x8x1,26,112.58,0.76,18,69.2,74.84,4.16,0,0.0,0.0,,8,30.8,37.74,4.72,0,0
9,WRAP 16''x12'',26,129.0,1.39,2,7.7,11.75,5.88,0,0.0,0.0,,24,92.3,117.25,4.89,0,0
9,PIZZA BOX 16x12x2,21,104.1,2.51,0,0.0,0.0,,0,0.0,0.0,,21,100.0,104.1,4.96,0,0
9,PIZZA BOX 42x32x2,21,993.15,9.44,0,0.0,0.0,,21,100.0,993.15,47.29,0,0.0,0.0,,21,0
9,PIZZA BOX 30x20x3,19,106.91,5.94,0,0.0,0.0,,0,0.0,0.0,,19,100.0,106.91,5.63,0,0
9,PIZZA BOX 40x30x1,18,224.7,3.76,18,100.0,224.7,12.48,0,0.0,0.0,,0,0.0,0.0,,0,0
9,PIZZA BOX 42x32x2 (2x strapped),9,365.31,22.88,0,0.0,0.0,,0,0.0,0.0,,9,100.0,365.31,40.59,0,0
9,MUG BOX 16x12x8,9,47.79,3.64,0,0.0,0.0,,0,0.0,0.0,,9,100.0,47.79,5.31,0,0
9,PIZZA BOX 27x23x2,8,44.3,7.49,0,0.0,0.0,,0,0.0,0.0,,8,100.0,44.3,5.54,0,0
9,"",8,39.52,2.2,0,0.0,0.0,,0,0.0,0.0,,8,100.0,39.52,4.94,0,0
9,"21"" Tube",5,24.35,0.66,0,0.0,0.0,,0,0.0,0.0,,5,100.0,24.35,4.87,0,0
9,PIZZA BOX 42x32x2 (3x strapped),4,187.08,39.37,0,0.0,0.0,,0,0.0,0.0,,4,100.0,187.08,46.77,0,0
9,"26"" Tube",4,19.48,0.57,0,0.0,0.0,,0,0.0,0.0,,4,100.0,19.48,4.87,0,0
9,PIZZA BOX 24x20x2 (2x strapped),3,18.33,8.8,0,0.0,0.0,,0,0.0,0.0,,3,100.0,18.33,6.11,0,0
9,PIZZA BOX 40x30x2,3,94.01,6.16,2,66.7,47.14,23.57,1,33.3,46.87,46.87,0,0.0,0.0,,1,0
9,PIZZA BOX 30x20x3 (2x strapped),3,26.31,12.98,0,0.0,0.0,,0,0.0,0.0,,3,100.0,26.31,8.77,0,0
9,BOX 16x24x12,3,27.81,9.24,0,0.0,0.0,,0,0.0,0.0,,3,100.0,27.81,9.27,0,0
9,MUG BOX 5x5x5,3,14.04,0.9,2,66.7,9.34,4.67,0,0.0,0.0,,1,33.3,4.7,4.7,0,0
9,"POLY BAG 14,5x19",3,15.93,4.63,0,0.0,0.0,,0,0.0,0.0,,3,100.0,15.93,5.31,0,0
9,"CROSS PACKAGING 49X30""",2,131.85,17.48,0,0.0,0.0,,2,100.0,131.85,65.93,0,0.0,0.0,,2,0
9,PIZZA BOX 40x30x2 (2x strapped),2,128.09,16.46,0,0.0,0.0,,1,50.0,87.5,87.5,1,50.0,40.59,40.59,1,0
9,WRAP 36''x24'' [x2],2,19.6,5.56,0,0.0,0.0,,0,0.0,0.0,,2,100.0,19.6,9.8,0,0
9,MUG BOX 16x6x4,2,9.88,2.93,0,0.0,0.0,,0,0.0,0.0,,2,100.0,9.88,4.94,0,0
9,PIZZA BOX 36x24x2 (3x strapped),2,55.94,24.44,0,0.0,0.0,,0,0.0,0.0,,2,100.0,55.94,27.97,0,0
9,"CROSS PACKAGING 40X30""",2,29.9,12.09,2,100.0,29.9,14.95,0,0.0,0.0,,0,0.0,0.0,,0,0
9,MIXPIX BOX,1,4.87,1.41,0,0.0,0.0,,0,0.0,0.0,,1,100.0,4.87,4.87,0,0
9,PIZZA BOX 40x30x2 (3x strapped),1,46.74,36.6,0,0.0,0.0,,0,0.0,0.0,,1,100.0,46.74,46.74,0,0
9,MIXPIX BOX_(2),1,5.03,2.26,0,0.0,0.0,,0,0.0,0.0,,1,100.0,5.03,5.03,0,0
9,PIZZA BOX 36x24x2 (2x strapped),1,8.38,14.95,0,0.0,0.0,,0,0.0,0.0,,1,100.0,8.38,8.38,0,0
9,"CROSS PACKAGING 40X40""",1,61.17,15.87,0,0.0,0.0,,1,100.0,61.17,61.17,0,0.0,0.0,,1,0
9,Carpet Box 37x5x5,1,5.12,4.08,0,0.0,0.0,,0,0.0,0.0,,1,100.0,5.12,5.12,0,0
9,POLY BAG 12x15,1,4.94,0.62,0,0.0,0.0,,0,0.0,0.0,,1,100.0,4.94,4.94,0,0
9,BUBBLE MAILER 9x14,1,4.38,0.26,1,100.0,4.38,4.38,0,0.0,0.0,,0,0.0,0.0,,0,0
17,PIZZA BOX 20x16x1,24,191.87,1.16,24,100.0,191.87,7.99,0,0.0,0.0,,0,0.0,0.0,,0,0
17,PIZZA BOX 36x24x2,21,498.77,6.35,21,100.0,498.77,23.75,0,0.0,0.0,,0,0.0,0.0,,0,0
17,PIZZA BOX 42x32x2,15,703.11,9.16,0,0.0,0.0,,15,100.0,703.11,46.87,0,0.0,0.0,,15,0
17,PIZZA BOX 24x20x2,15,252.87,4.3,15,100.0,252.87,16.86,0,0.0,0.0,,0,0.0,0.0,,0,0
17,WRAP 24''x16'',13,194.29,2.62,13,100.0,194.29,14.95,0,0.0,0.0,,0,0.0,0.0,,0,0
17,PIZZA BOX 20x16x2,12,167.77,4.31,12,100.0,167.77,13.98,0,0.0,0.0,,0,0.0,0.0,,0,0
17,PIZZA BOX 12x8x1,11,72.23,0.93,11,100.0,72.23,6.57,0,0.0,0.0,,0,0.0,0.0,,0,0
17,PIZZA BOX 16x12x2,11,122.73,2.28,11,100.0,122.73,11.16,0,0.0,0.0,,0,0.0,0.0,,0,0
17,"CROSS PACKAGING 30X24""",9,168.07,5.43,9,100.0,168.07,18.67,0,0.0,0.0,,0,0.0,0.0,,0,0
17,PIZZA BOX 40x30x1,8,132.01,3.58,8,100.0,132.01,16.5,0,0.0,0.0,,0,0.0,0.0,,0,0
17,PIZZA BOX 48X36X1,6,309.64,6.01,0,0.0,0.0,,6,100.0,309.64,51.61,0,0.0,0.0,,6,0
17,BOX 16x24x12,6,381.1,9.71,0,0.0,0.0,,6,100.0,381.1,63.52,0,0.0,0.0,,6,0
17,PIZZA BOX 27x23x2,4,90.86,8.29,4,100.0,90.86,22.71,0,0.0,0.0,,0,0.0,0.0,,0,0
17,WRAP 16''x12'',4,36.9,1.16,4,100.0,36.9,9.22,0,0.0,0.0,,0,0.0,0.0,,0,0
17,PIZZA BOX 30x20x3,3,70.71,8.07,3,100.0,70.71,23.57,0,0.0,0.0,,0,0.0,0.0,,0,0
17,"21"" Tube",3,23.19,0.44,3,100.0,23.19,7.73,0,0.0,0.0,,0,0.0,0.0,,0,0
17,POLY BAG 9x12,3,16.5,0.73,3,100.0,16.5,5.5,0,0.0,0.0,,0,0.0,0.0,,0,0
17,"POLY BAG 14,5x19",2,27.92,4.06,2,100.0,27.92,13.96,0,0.0,0.0,,0,0.0,0.0,,0,0
17,MUG BOX 16x12x8,2,29.9,5.0,2,100.0,29.9,14.95,0,0.0,0.0,,0,0.0,0.0,,0,0
17,PIZZA BOX 30x20x3 (2x strapped),2,117.46,12.53,0,0.0,0.0,,2,100.0,117.46,58.73,0,0.0,0.0,,2,0
17,"CROSS PACKAGING 49X30""",2,146.24,20.06,0,0.0,0.0,,2,100.0,146.24,73.12,0,0.0,0.0,,2,0
17,MUG BOX 5x5x5,1,4.73,0.4,1,100.0,4.73,4.73,0,0.0,0.0,,0,0.0,0.0,,0,0
17,PIZZA BOX 40x30x2 (3x strapped),1,116.59,20.35,0,0.0,0.0,,1,100.0,116.59,116.59,0,0.0,0.0,,1,0
17,"26"" Tube",1,7.73,0.46,1,100.0,7.73,7.73,0,0.0,0.0,,0,0.0,0.0,,0,0
17,MIXPIX BOX,1,9.91,1.41,1,100.0,9.91,9.91,0,0.0,0.0,,0,0.0,0.0,,0,0
17,PIZZA BOX 42x32x2 (3x strapped),1,113.06,36.71,0,0.0,0.0,,1,100.0,113.06,113.06,0,0.0,0.0,,1,0
17,"",1,11.73,2.2,1,100.0,11.73,11.73,0,0.0,0.0,,0,0.0,0.0,,0,0
17,PIZZA BOX 42x32x2 (2x strapped),1,85.13,16.25,0,0.0,0.0,,1,100.0,85.13,85.13,0,0.0,0.0,,1,0
17,PIZZA BOX 27x23x2 (3x strapped),1,152.29,55.18,0,0.0,0.0,,1,100.0,152.29,152.29,0,0.0,0.0,,1,0
