zone,packagetype,total_cost,avg_weight,usps_pct,fedex_pct,p2p_pct,usps_avg,fedex_avg,p2p_avg
17,PIZZA BOX 20x16x1,191.87,1.2,100.0,0.0,0.0,7.99,,
17,PIZZA BOX 36x24x2,498.77,6.4,100.0,0.0,0.0,23.75,,
17,PIZZA BOX 24x20x2,252.87,4.3,100.0,0.0,0.0,16.86,,
17,PIZZA BOX 42x32x2,703.11,9.2,0.0,100.0,0.0,,46.87,
17,WRAP 24''x16'',194.29,2.6,100.0,0.0,0.0,14.95,,
17,PIZZA BOX 20x16x2,167.77,4.3,100.0,0.0,0.0,13.98,,
17,PIZZA BOX 16x12x2,122.73,2.3,100.0,0.0,0.0,11.16,,
17,PIZZA BOX 12x8x1,72.23,0.9,100.0,0.0,0.0,6.57,,
17,"CROSS PACKAGING 30X24""",168.07,5.4,100.0,0.0,0.0,18.67,,
17,PIZZA BOX 40x30x1,132.01,3.6,100.0,0.0,0.0,16.5,,
17,BOX 16x24x12,381.1,9.7,0.0,100.0,0.0,,63.52,
17,PIZZA BOX 48X36X1,309.64,6.0,0.0,100.0,0.0,,51.61,
17,PIZZA BOX 27x23x2,90.86,8.3,100.0,0.0,0.0,22.71,,
17,WRAP 16''x12'',36.9,1.2,100.0,0.0,0.0,9.22,,
17,POLY BAG 9x12,16.5,0.7,100.0,0.0,0.0,5.5,,
17,"21"" Tube",23.19,0.4,100.0,0.0,0.0,7.73,,
17,PIZZA BOX 30x20x3,70.71,8.1,100.0,0.0,0.0,23.57,,
17,MUG BOX 16x12x8,29.9,5.0,100.0,0.0,0.0,14.95,,
17,"POLY BAG 14,5x19",27.92,4.1,100.0,0.0,0.0,13.96,,
17,"CROSS PACKAGING 49X30""",146.24,20.1,0.0,100.0,0.0,,73.12,
17,PIZZA BOX 30x20x3 (2x strapped),117.46,12.5,0.0,100.0,0.0,,58.73,
17,MUG BOX 5x5x5,4.73,0.4,100.0,0.0,0.0,4.73,,
17,PIZZA BOX 27x23x2 (3x strapped),152.29,55.2,0.0,100.0,0.0,,152.29,
17,PIZZA BOX 42x32x2 (3x strapped),113.06,36.7,0.0,100.0,0.0,,113.06,
17,"",11.73,2.2,100.0,0.0,0.0,11.73,,
17,MIXPIX BOX,9.91,1.4,100.0,0.0,0.0,9.91,,
17,"26"" Tube",7.73,0.5,100.0,0.0,0.0,7.73,,
17,PIZZA BOX 42x32x2 (2x strapped),85.13,16.3,0.0,100.0,0.0,,85.13,
17,PIZZA BOX 40x30x2 (3x strapped),116.59,20.4,0.0,100.0,0.0,,116.59,
2,PIZZA BOX 20x16x1,39102.12,1.3,59.2,0.1,40.7,5.29,8.25,4.27
2,PIZZA BOX 12x8x1,16418.42,0.7,78.7,0.0,21.3,4.09,,4.05
2,PIZZA BOX 16x12x2,16827.85,2.2,55.3,0.6,44.1,6.22,8.25,4.27
2,PIZZA BOX 24x20x2,23978.4,4.2,25.1,69.1,5.8,9.82,8.27,4.5
2,WRAP 16''x12'',13382.22,1.3,52.4,0.0,47.6,5.36,,4.21
2,PIZZA BOX 20x16x2,14707.96,3.2,59.2,3.8,36.9,6.59,8.25,4.35
2,PIZZA BOX 36x24x2,19816.81,5.9,23.0,54.6,22.4,11.54,9.81,4.92
2,PIZZA BOX 42x32x2,20907.02,8.6,0.0,100.0,0.0,,12.37,
2,WRAP 24''x16'',10130.58,2.6,21.7,27.7,50.6,9.38,8.26,4.27
2,PIZZA BOX 40x30x1,11896.38,3.2,25.8,74.2,0.0,9.7,8.26,
2,"CROSS PACKAGING 30X24""",7019.92,6.0,19.5,66.5,13.9,10.29,8.32,4.75
2,"21"" Tube",4465.57,0.6,49.1,2.0,48.9,6.74,8.25,4.21
2,PIZZA BOX 48X36X1,10033.57,8.3,0.0,100.0,0.0,,12.81,
2,PIZZA BOX 30x20x3,4587.12,5.6,23.2,28.2,48.5,11.5,9.99,4.84
2,POLY BAG 9x12,1532.89,0.8,92.3,0.0,7.7,4.19,,4.21
2,"26"" Tube",1866.07,0.6,47.8,1.5,50.7,6.8,8.25,4.21
2,MUG BOX 16x12x8,2330.35,4.4,58.6,35.8,5.6,6.9,8.25,4.7
2,MUG BOX 5x5x5,1208.42,0.9,54.3,0.0,45.7,4.48,,4.06
2,MIXPIX BOX,1066.96,1.3,57.9,0.9,41.2,5.22,8.25,4.21
2,"",861.24,2.2,55.6,0.6,43.8,6.23,8.25,4.26
2,PIZZA BOX 27x23x2,1325.92,7.3,26.0,42.9,31.2,11.38,9.74,4.75
2,BUBBLE MAILER 9x14,530.31,0.5,90.0,0.0,10.0,3.75,,4.1
2,"CROSS PACKAGING 49X30""",1916.86,17.6,0.0,100.0,0.0,,13.99,
2,"POLY BAG 14,5x19",865.04,3.6,57.9,37.2,5.0,6.66,8.25,4.57
2,PIZZA BOX 42x32x2 (2x strapped),1966.34,25.3,0.0,100.0,0.0,,17.88,
2,PIZZA BOX 30x20x3 (2x strapped),1131.26,11.1,0.0,97.1,2.9,,11.09,7.5
2,PIZZA BOX 24x20x2 (2x strapped),809.3,10.8,20.2,38.3,41.5,11.78,10.42,5.39
2,MUG BOX 9x7x5,462.62,1.8,53.8,0.0,46.2,5.84,,4.2
2,BOX 16x24x12,943.25,8.6,0.0,92.2,7.8,,10.7,7.89
2,PIZZA BOX 40x30x2,945.48,8.2,12.2,87.8,0.0,11.68,11.51,
2,PIZZA BOX 36x24x2 (2x strapped),891.09,14.2,0.0,98.8,1.2,,11.18,7.59
2,Carpet Box 22x4x4,464.04,1.4,23.3,27.4,49.3,8.69,8.25,4.2
2,"CROSS PACKAGING 40X30""",797.94,12.0,8.5,88.7,2.8,11.93,11.36,5.24
2,MUG BOX 16x6x4,341.48,2.7,35.3,0.0,64.7,6.35,,4.3
2,WRAP 36''x24'' [x2],603.99,7.5,0.0,92.7,7.3,,11.19,8.36
2,POLY BAG 12x15,202.89,0.7,90.0,0.0,10.0,4.04,,4.21
2,PIZZA BOX 42x32x2 (3x strapped),808.55,35.3,0.0,100.0,0.0,,20.21,
2,PIZZA BOX 36x24x2 (3x strapped),365.29,23.2,0.0,96.9,3.1,,11.49,9.04
2,WRAP 27''x23'',244.66,5.4,17.2,79.3,3.4,10.04,8.25,4.62
2,PIZZA BOX 40x30x2 (2x strapped),436.57,18.7,0.0,100.0,0.0,,15.59,
2,MIXPIX BOX_(2),138.61,2.4,40.7,0.0,59.3,6.28,,4.34
2,"CROSS PACKAGING 40X40""",285.14,16.7,0.0,100.0,0.0,,12.96,
2,Carpet Box 37x5x5,150.24,3.5,5.3,84.2,10.5,9.41,8.25,4.39
2,MIXPIX BOX_(4),72.97,0.9,94.7,0.0,5.3,3.81,,4.39
2,WRAP 36''x24'',146.98,8.7,11.1,44.4,44.4,11.72,10.26,5.18
2,PIZZA BOX 40x30x2 (3x strapped),266.98,25.8,0.0,100.0,0.0,,17.8,
2,PIZZA BOX 27x23x2 (2x strapped),139.17,18.1,0.0,92.3,7.7,,11.05,6.51
2,PIZZA BOX 24x20x2 (3x strapped),105.22,17.0,0.0,81.8,18.2,,10.24,6.51
2,PIZZA BOX 30x20x3 (3x strapped),77.74,25.9,0.0,100.0,0.0,,9.72,
2,PIZZA BOX 27x23x2 (3x strapped),19.82,24.9,0.0,100.0,0.0,,9.91,
2,WRAP 40''x30'',23.22,6.1,0.0,100.0,0.0,,11.61,
2,WRAP 36''x24'' [x3],10.0,31.5,0.0,100.0,0.0,,10.0,
3,PIZZA BOX 20x16x1,69550.52,1.3,57.9,0.1,42.0,5.58,8.25,4.25
3,PIZZA BOX 12x8x1,27683.14,0.7,68.4,0.0,31.6,4.17,8.25,4.0
3,PIZZA BOX 16x12x2,28881.28,2.2,57.1,0.2,42.7,6.54,8.25,4.26
3,WRAP 16''x12'',23759.52,1.3,54.8,0.0,45.2,5.55,,4.19
3,PIZZA BOX 24x20x2,40527.03,4.2,32.7,59.4,7.9,10.24,8.29,4.52
3,PIZZA BOX 20x16x2,25490.39,3.2,58.6,2.9,38.5,6.97,8.25,4.34
3,PIZZA BOX 36x24x2,36882.44,5.9,21.9,55.0,23.1,11.99,10.28,4.92
3,PIZZA BOX 42x32x2,36200.07,8.9,0.0,100.0,0.0,,14.01,
3,WRAP 24''x16'',17040.75,2.6,27.0,22.9,50.1,9.68,8.26,4.25
3,PIZZA BOX 40x30x1,20164.73,3.2,32.4,67.6,0.0,10.11,8.29,
3,PIZZA BOX 48X36X1,26063.9,7.9,0.0,100.0,0.0,,14.5,
3,"CROSS PACKAGING 30X24""",12693.88,5.9,23.3,62.0,14.7,10.74,8.41,4.6
3,"21"" Tube",7082.41,0.6,43.8,1.1,55.1,6.87,8.25,4.19
3,PIZZA BOX 30x20x3,9163.45,5.5,24.4,27.5,48.1,11.96,10.59,4.86
3,POLY BAG 9x12,2605.37,0.8,70.1,0.0,29.9,4.29,,4.18
3,MUG BOX 16x12x8,4160.89,4.5,52.8,38.5,8.7,7.27,8.25,4.65
3,MUG BOX 5x5x5,2256.38,0.9,48.9,0.0,51.1,4.63,,4.03
3,"26"" Tube",2627.16,0.6,43.2,1.7,55.2,6.91,8.25,4.19
3,MIXPIX BOX,1713.51,1.3,55.4,1.7,42.9,5.24,8.25,4.2
3,"",1397.03,2.2,45.2,0.0,54.8,6.6,,4.25
3,PIZZA BOX 27x23x2,2095.78,7.1,25.9,26.6,47.5,11.86,10.42,4.73
3,BUBBLE MAILER 9x14,918.23,0.5,84.2,0.0,15.8,3.79,,3.9
3,"CROSS PACKAGING 49X30""",3871.73,17.9,0.0,100.0,0.0,,16.34,
3,PIZZA BOX 42x32x2 (2x strapped),4404.56,22.8,0.0,100.0,0.0,,19.4,
3,"POLY BAG 14,5x19",1490.3,3.8,45.5,48.5,6.1,7.14,8.25,4.63
3,PIZZA BOX 30x20x3 (2x strapped),2149.95,10.9,0.0,75.7,24.3,,12.63,7.49
3,PIZZA BOX 24x20x2 (2x strapped),1590.25,10.7,18.8,42.0,39.2,12.39,10.97,5.36
3,MUG BOX 9x7x5,764.18,1.7,49.0,0.0,51.0,5.83,,4.19
3,PIZZA BOX 36x24x2 (2x strapped),1871.81,16.7,0.0,88.2,11.8,,13.77,7.23
3,"CROSS PACKAGING 40X30""",1668.83,11.9,4.3,90.1,5.7,12.59,12.24,4.92
3,BOX 16x24x12,1597.03,8.2,0.0,94.3,5.7,,11.53,7.94
3,MUG BOX 16x6x4,694.78,2.8,45.3,0.0,54.7,6.82,,4.27
3,PIZZA BOX 40x30x2,1576.11,8.1,8.7,91.3,0.0,12.37,12.41,
3,Carpet Box 22x4x4,819.39,1.4,26.0,28.5,45.5,9.25,8.25,4.18
3,PIZZA BOX 42x32x2 (3x strapped),2612.52,36.4,0.0,100.0,0.0,,25.12,
3,WRAP 36''x24'' [x2],1096.25,7.6,0.0,94.3,5.7,,12.71,8.34
3,POLY BAG 12x15,313.16,0.6,84.8,0.0,15.2,3.94,,4.07
3,PIZZA BOX 36x24x2 (3x strapped),1162.23,22.8,0.0,97.3,2.7,,15.89,9.12
3,"CROSS PACKAGING 40X40""",988.66,15.8,0.0,100.0,0.0,,15.21,
3,MIXPIX BOX_(2),294.56,2.4,52.8,0.0,47.2,6.66,,4.32
3,PIZZA BOX 40x30x2 (2x strapped),910.94,16.3,0.0,100.0,0.0,,17.86,
3,PIZZA BOX 40x30x2 (3x strapped),903.04,27.8,0.0,100.0,0.0,,21.5,
3,Carpet Box 37x5x5,253.27,3.4,22.9,40.0,37.1,10.08,8.25,4.39
3,MIXPIX BOX_(4),129.06,0.5,100.0,0.0,0.0,3.8,,
3,WRAP 36''x24'',264.8,9.2,10.3,51.7,37.9,12.3,11.44,5.12
3,PIZZA BOX 24x20x2 (3x strapped),247.17,16.8,0.0,60.0,40.0,,12.13,6.53
3,WRAP 27''x23'',184.61,5.7,4.3,87.0,8.7,10.3,8.25,4.62
3,PIZZA BOX 27x23x2 (2x strapped),217.71,16.6,0.0,59.1,40.9,,12.13,6.68
3,PIZZA BOX 30x20x3 (3x strapped),240.72,29.2,0.0,100.0,0.0,,12.67,
3,WRAP 40''x30'',130.25,7.6,0.0,100.0,0.0,,13.03,
3,PIZZA BOX 27x23x2 (3x strapped),37.28,21.9,0.0,100.0,0.0,,12.43,
3,WRAP 40''x30'' [x3],46.21,32.7,0.0,100.0,0.0,,23.1,
4,PIZZA BOX 20x16x1,210363.65,1.3,52.7,0.5,46.8,5.88,8.28,4.36
4,PIZZA BOX 12x8x1,81814.42,0.7,67.1,0.1,32.8,4.28,8.31,4.12
4,PIZZA BOX 16x12x2,87065.71,2.2,52.5,2.3,45.2,7.04,8.27,4.36
4,WRAP 16''x12'',71465.78,1.3,50.0,0.2,49.8,5.89,8.25,4.29
4,PIZZA BOX 24x20x2,101804.23,4.2,27.2,28.2,44.6,10.95,8.81,4.6
4,PIZZA BOX 20x16x2,78430.74,3.2,53.3,6.6,40.1,7.61,8.37,4.44
4,PIZZA BOX 36x24x2,120173.72,5.9,7.3,69.6,23.1,13.23,11.29,5.06
4,PIZZA BOX 42x32x2,131256.28,8.7,0.0,100.0,0.0,,14.13,
4,WRAP 24''x16'',53787.32,2.6,21.6,25.2,53.1,10.26,8.3,4.36
4,PIZZA BOX 40x30x1,65187.26,3.4,30.5,69.5,0.0,10.71,9.0,
4,"CROSS PACKAGING 30X24""",42010.69,5.9,17.9,57.1,25.0,11.49,8.73,4.72
4,PIZZA BOX 48X36X1,74426.07,8.0,0.0,100.0,0.0,,14.93,
4,"21"" Tube",25595.53,0.6,40.3,2.3,57.4,6.91,8.38,4.29
4,PIZZA BOX 30x20x3,28501.05,5.5,10.2,38.9,50.9,13.32,11.65,4.96
4,POLY BAG 9x12,8640.42,0.9,81.4,0.0,18.6,4.43,,4.26
4,"26"" Tube",9133.21,0.7,37.8,4.4,57.8,6.91,8.32,4.29
4,MUG BOX 16x12x8,10746.93,4.6,51.7,2.4,45.9,8.06,8.93,4.72
4,MUG BOX 5x5x5,6787.85,0.9,46.3,0.1,53.7,4.78,8.32,4.15
4,MIXPIX BOX,5731.13,1.3,54.1,3.4,42.5,5.41,8.32,4.3
4,"",5094.23,2.3,40.3,1.1,58.6,7.14,11.87,4.37
4,"CROSS PACKAGING 49X30""",13984.81,17.9,0.0,100.0,0.0,,17.27,
4,PIZZA BOX 27x23x2,6680.93,7.3,20.5,29.2,50.3,12.94,11.18,4.9
4,BUBBLE MAILER 9x14,2815.45,0.5,85.7,0.0,14.3,3.93,,4.09
4,"POLY BAG 14,5x19",4267.15,3.8,41.1,2.6,56.3,7.87,8.92,4.67
4,PIZZA BOX 42x32x2 (2x strapped),15053.33,23.1,0.0,100.0,0.0,,21.82,
4,PIZZA BOX 24x20x2 (2x strapped),5142.41,10.9,1.2,55.2,43.6,13.59,11.91,5.54
4,BOX 16x24x12,5936.57,9.6,0.0,90.1,9.9,,11.95,8.16
4,MUG BOX 9x7x5,2713.01,1.7,48.8,0.0,51.2,6.36,,4.29
4,PIZZA BOX 30x20x3 (2x strapped),5660.53,11.0,0.0,77.3,22.7,,12.49,7.66
4,Carpet Box 22x4x4,2538.79,1.4,13.5,24.6,61.8,9.86,8.25,4.28
4,PIZZA BOX 40x30x2,5108.18,8.0,0.2,99.8,0.0,13.18,12.55,
4,PIZZA BOX 36x24x2 (2x strapped),4995.02,15.9,0.0,81.6,18.4,,13.51,7.44
4,MUG BOX 16x6x4,2393.03,2.9,48.5,16.5,35.0,7.41,8.25,4.36
4,"CROSS PACKAGING 40X30""",4608.84,12.7,1.1,95.6,3.3,14.0,12.86,5.29
4,POLY BAG 12x15,1334.05,0.6,85.8,0.0,14.2,4.1,,4.31
4,PIZZA BOX 42x32x2 (3x strapped),8654.41,36.8,0.0,100.0,0.0,,27.47,
4,WRAP 36''x24'' [x2],2934.53,7.4,0.0,89.6,10.4,,13.19,8.54
4,PIZZA BOX 36x24x2 (3x strapped),3381.15,23.9,0.0,97.8,2.2,,14.95,9.3
4,MIXPIX BOX_(2),1106.53,2.2,31.5,33.3,35.1,7.26,8.25,4.4
4,"CROSS PACKAGING 40X40""",2380.6,16.4,0.0,100.0,0.0,,15.56,
4,PIZZA BOX 40x30x2 (2x strapped),2682.74,16.5,0.0,100.0,0.0,,19.58,
4,MIXPIX BOX_(4),515.55,0.6,96.2,2.3,1.5,3.86,8.25,4.32
4,PIZZA BOX 40x30x2 (3x strapped),3121.16,34.1,0.0,100.0,0.0,,24.97,
4,Carpet Box 37x5x5,944.63,3.3,23.9,54.7,21.4,10.63,8.37,4.46
4,PIZZA BOX 24x20x2 (3x strapped),1043.07,15.8,0.0,65.7,34.3,,12.45,6.87
4,WRAP 27''x23'',707.15,5.1,15.6,51.1,33.3,11.47,8.84,4.66
4,WRAP 36''x24'',740.13,9.3,2.4,50.6,47.1,13.86,11.68,5.25
4,PIZZA BOX 27x23x2 (2x strapped),591.37,15.6,0.0,52.5,47.5,,12.96,6.78
4,PIZZA BOX 30x20x3 (3x strapped),643.65,24.3,0.0,98.0,2.0,,12.93,10.18
4,WRAP 40''x30'',325.06,7.6,0.0,100.0,0.0,,11.61,
4,WRAP 36''x24'' [x3],314.75,31.2,0.0,100.0,0.0,,14.99,
4,PIZZA BOX 27x23x2 (3x strapped),151.83,26.8,0.0,91.7,8.3,,13.0,8.86
4,WRAP 40''x30'' [x3],106.02,22.2,0.0,100.0,0.0,,26.5,
4,PAPIER-VERSANDTASCHE klein 250x353x50,4.31,1.1,0.0,0.0,100.0,,,4.31
5,PIZZA BOX 20x16x1,169299.65,1.3,42.1,17.7,40.2,6.64,8.27,4.4
5,PIZZA BOX 12x8x1,59075.35,0.7,47.8,0.6,51.7,4.61,8.39,4.17
5,PIZZA BOX 16x12x2,69618.09,2.2,39.0,19.0,42.0,8.06,8.34,4.41
5,WRAP 16''x12'',53951.72,1.3,39.1,2.9,58.1,6.69,8.4,4.36
5,PIZZA BOX 24x20x2,76228.83,4.3,16.3,28.8,54.9,12.16,10.74,4.68
5,PIZZA BOX 36x24x2,96240.79,6.0,1.4,70.5,28.2,14.97,12.42,5.15
5,PIZZA BOX 20x16x2,57262.37,3.2,37.6,9.8,52.6,8.89,9.3,4.53
5,PIZZA BOX 42x32x2,107326.37,9.0,0.0,100.0,0.0,,16.06,
5,WRAP 24''x16'',39567.82,2.6,17.3,38.2,44.5,11.15,8.6,4.4
5,PIZZA BOX 40x30x1,51841.74,3.3,26.1,73.9,0.0,11.91,9.9,
5,PIZZA BOX 48X36X1,87037.95,8.0,0.0,100.0,0.0,,17.6,
5,"CROSS PACKAGING 30X24""",26811.0,6.0,5.2,30.6,64.2,12.83,11.15,4.76
5,"21"" Tube",17156.37,0.6,31.1,21.6,47.3,7.26,8.33,4.32
5,PIZZA BOX 30x20x3,20957.34,5.5,1.6,39.0,59.3,15.48,13.2,5.05
5,POLY BAG 9x12,5378.46,0.8,35.4,0.6,64.0,4.89,8.25,4.35
5,MUG BOX 16x12x8,8104.26,4.6,30.2,12.6,57.2,9.68,10.1,4.79
5,"26"" Tube",6195.42,0.7,31.6,5.5,62.9,7.24,8.43,4.35
5,MUG BOX 5x5x5,4727.66,0.9,33.9,0.1,66.0,5.16,8.25,4.22
5,PIZZA BOX 42x32x2 (2x strapped),18619.07,22.9,0.0,100.0,0.0,,25.72,
5,MIXPIX BOX,3438.62,1.2,44.0,1.8,54.2,5.91,8.95,4.37
5,"CROSS PACKAGING 49X30""",13058.24,18.0,0.0,100.0,0.0,,20.44,
5,"",3913.1,2.2,30.1,19.3,50.6,8.04,8.25,4.4
5,PIZZA BOX 27x23x2,5066.91,7.4,1.9,41.5,56.6,14.04,13.3,5.01
5,"POLY BAG 14,5x19",3464.72,3.7,22.0,10.9,67.1,9.7,9.91,4.75
5,BUBBLE MAILER 9x14,1920.11,0.5,77.7,0.0,22.3,4.01,,4.15
5,PIZZA BOX 24x20x2 (2x strapped),3916.46,11.0,0.9,40.8,58.4,14.94,13.0,5.64
5,BOX 16x24x12,5418.06,9.6,0.0,73.1,26.9,,14.14,8.31
5,PIZZA BOX 40x30x2,5590.96,7.7,1.0,99.0,0.0,14.18,14.23,
5,PIZZA BOX 36x24x2 (2x strapped),4546.34,16.1,0.0,60.6,39.4,,16.05,7.54
5,PIZZA BOX 30x20x3 (2x strapped),3974.56,11.1,0.0,45.6,54.4,,15.5,7.83
5,PIZZA BOX 42x32x2 (3x strapped),10580.89,37.3,0.0,100.0,0.0,,30.67,
5,"CROSS PACKAGING 40X30""",4761.45,13.2,0.9,93.8,5.3,14.85,14.44,5.41
5,MUG BOX 9x7x5,1832.09,1.8,31.3,1.8,67.0,7.48,8.25,4.36
5,MUG BOX 16x6x4,1673.79,3.0,23.6,19.1,57.3,8.82,8.58,4.45
5,Carpet Box 22x4x4,1644.21,1.4,17.4,17.4,65.3,10.68,8.7,4.35
5,PIZZA BOX 36x24x2 (3x strapped),3577.21,24.9,0.0,94.1,5.9,,18.13,9.47
5,POLY BAG 12x15,898.46,0.7,80.1,1.0,18.9,4.46,8.64,4.3
5,WRAP 36''x24'' [x2],1953.69,8.5,0.0,76.9,23.1,,15.17,8.63
5,MIXPIX BOX_(2),673.72,2.4,31.0,3.4,65.5,8.22,8.64,4.51
5,PIZZA BOX 40x30x2 (3x strapped),3252.99,32.5,0.0,100.0,0.0,,28.29,
5,"CROSS PACKAGING 40X40""",2083.5,16.8,0.0,100.0,0.0,,18.28,
5,PIZZA BOX 40x30x2 (2x strapped),2111.26,16.6,0.0,100.0,0.0,,22.46,
5,WRAP 36''x24'',804.44,9.2,1.1,44.9,53.9,16.4,13.1,5.5
5,PIZZA BOX 24x20x2 (3x strapped),912.81,16.6,0.0,44.8,55.2,,14.76,7.03
5,Carpet Box 37x5x5,592.73,3.6,9.8,35.4,54.9,12.18,9.97,4.58
5,MIXPIX BOX_(4),267.12,0.5,98.4,0.0,1.6,4.17,,4.44
5,WRAP 27''x23'',400.96,5.9,9.8,31.4,58.8,13.41,11.94,4.76
5,PIZZA BOX 27x23x2 (2x strapped),538.49,17.4,0.0,64.4,35.6,,14.59,7.21
5,PIZZA BOX 30x20x3 (3x strapped),583.72,27.2,0.0,97.4,2.6,,15.5,10.18
5,WRAP 40''x30'',193.19,6.2,0.0,100.0,0.0,,14.86,
5,PIZZA BOX 27x23x2 (3x strapped),146.15,24.3,0.0,90.0,10.0,,15.25,8.86
5,WRAP 36''x24'' [x3],113.73,33.1,0.0,100.0,0.0,,16.25,
6,PIZZA BOX 20x16x1,39247.07,1.3,61.2,6.7,32.1,7.34,8.56,4.48
6,PIZZA BOX 12x8x1,13354.56,0.7,64.9,2.0,33.1,4.99,8.32,4.21
6,WRAP 16''x12'',15423.27,1.3,61.5,8.7,29.7,7.2,8.53,4.4
6,PIZZA BOX 24x20x2,21401.28,4.3,6.5,65.2,28.4,12.56,11.04,4.73
6,PIZZA BOX 16x12x2,16815.4,2.2,39.1,28.7,32.2,9.06,8.59,4.49
6,PIZZA BOX 36x24x2,25341.8,6.1,0.0,85.9,14.1,,12.77,5.18
6,PIZZA BOX 20x16x2,17115.05,3.2,33.5,38.4,28.1,10.59,9.44,4.58
6,PIZZA BOX 48X36X1,32532.76,7.9,0.0,100.0,0.0,,20.37,
6,PIZZA BOX 40x30x1,14146.54,3.5,11.6,88.4,0.0,12.69,10.78,
6,WRAP 24''x16'',9888.67,2.6,8.8,53.7,37.5,12.53,9.46,4.48
6,PIZZA BOX 42x32x2,19267.05,9.2,0.0,100.0,0.0,,19.02,
6,"CROSS PACKAGING 30X24""",7919.26,6.2,0.1,65.6,34.3,17.25,11.45,4.8
6,"21"" Tube",4435.11,0.7,54.3,26.5,19.1,7.43,8.49,4.38
6,PIZZA BOX 30x20x3,5927.43,5.7,0.0,64.7,35.3,,13.01,5.11
6,PIZZA BOX 42x32x2 (2x strapped),8274.13,21.1,0.0,100.0,0.0,,30.64,
6,"26"" Tube",1597.27,0.8,55.7,7.3,37.0,7.61,8.54,4.4
6,MUG BOX 16x12x8,2186.33,4.9,38.4,35.0,26.6,11.12,10.49,4.82
6,POLY BAG 9x12,1194.52,0.8,57.6,7.6,34.7,5.05,8.27,4.38
6,MUG BOX 5x5x5,1121.55,0.9,67.3,0.0,32.7,5.61,,4.26
6,"",1286.67,2.2,18.4,44.7,36.9,9.45,8.52,4.45
6,MIXPIX BOX,908.65,1.2,46.8,15.6,37.7,6.25,8.46,4.41
6,PIZZA BOX 27x23x2,1685.88,7.3,0.0,75.5,24.5,,13.53,5.1
6,PIZZA BOX 40x30x2,2414.28,7.6,0.0,100.0,0.0,,17.0,
6,PIZZA BOX 24x20x2 (2x strapped),1667.79,10.6,0.0,82.1,17.9,,13.26,5.71
6,"CROSS PACKAGING 40X30""",2240.93,12.8,0.0,97.8,2.2,,16.57,6.81
6,BOX 16x24x12,1571.44,9.5,0.0,73.1,26.9,,16.85,8.29
6,BUBBLE MAILER 9x14,463.39,0.4,88.6,1.9,9.5,4.36,8.25,4.18
6,PIZZA BOX 30x20x3 (2x strapped),1417.45,11.4,0.0,68.6,31.4,,16.63,7.92
6,"CROSS PACKAGING 49X30""",2462.32,17.4,0.0,100.0,0.0,,24.87,
6,"POLY BAG 14,5x19",838.28,4.0,24.5,40.8,34.7,11.53,9.95,4.81
6,PIZZA BOX 36x24x2 (2x strapped),1328.45,14.9,0.0,82.1,17.9,,17.58,7.69
6,MUG BOX 9x7x5,523.46,1.7,41.7,34.7,23.6,8.08,8.26,4.37
6,PIZZA BOX 36x24x2 (3x strapped),1268.93,25.0,0.0,93.7,6.3,,20.85,9.68
6,MUG BOX 16x6x4,466.72,2.9,32.8,34.4,32.8,9.88,8.53,4.5
6,PIZZA BOX 42x32x2 (3x strapped),1965.42,37.7,0.0,100.0,0.0,,35.1,
6,Carpet Box 22x4x4,338.05,1.4,13.0,52.2,34.8,11.64,8.25,4.38
6,PIZZA BOX 40x30x2 (3x strapped),1323.13,34.2,0.0,100.0,0.0,,33.08,
6,WRAP 36''x24'',348.23,8.9,0.0,71.9,28.1,,13.09,5.25
6,PIZZA BOX 24x20x2 (3x strapped),423.36,16.1,0.0,71.9,28.1,,15.67,6.99
6,MIXPIX BOX_(2),223.12,2.4,33.3,30.0,36.7,9.33,8.88,4.54
6,WRAP 36''x24'' [x2],439.19,8.1,0.0,85.2,14.8,,17.57,8.76
6,PIZZA BOX 40x30x2 (2x strapped),658.61,14.6,0.0,100.0,0.0,,26.34,
6,"CROSS PACKAGING 40X40""",529.04,17.1,0.0,100.0,0.0,,22.04,
6,POLY BAG 12x15,117.8,0.6,62.5,0.0,37.5,5.28,,4.3
6,MIXPIX BOX_(4),106.32,0.8,85.7,0.0,14.3,5.17,,4.4
6,WRAP 27''x23'',155.36,6.3,0.0,68.8,31.2,,11.93,4.83
6,Carpet Box 37x5x5,130.4,3.4,21.4,42.9,35.7,12.54,11.58,4.66
6,PIZZA BOX 27x23x2 (2x strapped),131.28,14.9,0.0,70.0,30.0,,15.59,7.38
6,PIZZA BOX 27x23x2 (3x strapped),97.54,26.2,0.0,83.3,16.7,,17.74,8.86
6,WRAP 40''x30'',43.65,5.9,0.0,100.0,0.0,,14.55,
6,PIZZA BOX 30x20x3 (3x strapped),18.4,28.2,0.0,100.0,0.0,,18.4,
7,PIZZA BOX 20x16x1,51474.18,1.3,43.2,54.8,2.0,7.37,8.85,4.83
7,PIZZA BOX 12x8x1,18228.63,0.7,63.6,35.2,1.2,5.13,8.28,4.54
7,PIZZA BOX 36x24x2,34193.96,6.0,0.0,85.1,14.9,,14.0,5.62
7,WRAP 16''x12'',17176.25,1.3,42.8,24.6,32.6,7.21,8.86,4.72
7,PIZZA BOX 24x20x2,23952.87,4.3,4.9,63.6,31.5,13.56,11.8,5.08
7,PIZZA BOX 16x12x2,20834.87,2.2,29.2,66.7,4.1,10.11,8.89,4.88
7,PIZZA BOX 20x16x2,18980.27,3.3,30.7,38.3,31.0,11.49,10.09,4.91
7,PIZZA BOX 48X36X1,49834.95,7.9,0.0,100.0,0.0,,24.18,
7,PIZZA BOX 40x30x1,16444.43,3.4,11.4,88.6,0.0,13.64,11.31,
7,WRAP 24''x16'',12907.04,2.6,0.3,98.3,1.4,12.02,9.87,4.83
7,PIZZA BOX 42x32x2,28877.52,9.2,0.0,100.0,0.0,,22.94,
7,"CROSS PACKAGING 30X24""",7947.01,6.2,0.0,60.4,39.6,,12.15,5.15
7,PIZZA BOX 30x20x3,7347.73,5.8,0.0,68.5,31.5,,14.3,5.47
7,"21"" Tube",4810.68,0.6,55.6,43.0,1.5,7.53,8.46,4.75
7,PIZZA BOX 42x32x2 (2x strapped),12694.67,21.7,0.0,100.0,0.0,,34.88,
7,MUG BOX 16x12x8,3228.87,4.7,31.0,41.7,27.3,11.9,11.5,5.2
7,"26"" Tube",1681.9,0.8,55.5,10.9,33.6,7.59,9.28,4.72
7,POLY BAG 9x12,1662.44,0.8,46.5,51.9,1.6,5.3,8.3,4.72
7,MUG BOX 5x5x5,1583.31,0.9,62.0,36.3,1.7,5.81,8.28,4.56
7,MIXPIX BOX,1531.65,1.2,48.1,49.0,2.9,6.42,8.44,4.79
7,PIZZA BOX 40x30x2,3595.73,7.4,0.0,100.0,0.0,,19.98,
7,PIZZA BOX 36x24x2 (2x strapped),3163.73,15.2,0.0,81.5,18.5,,19.9,8.44
7,PIZZA BOX 27x23x2,1859.7,7.2,0.0,71.5,28.5,,14.31,5.39
7,"",1384.84,2.2,22.5,76.2,1.3,10.54,8.84,4.8
7,"CROSS PACKAGING 40X30""",2613.74,13.1,0.0,96.6,3.4,,18.28,7.23
7,PIZZA BOX 24x20x2 (2x strapped),1595.18,10.8,0.0,65.4,34.6,,15.54,6.09
7,"CROSS PACKAGING 49X30""",3274.1,17.5,0.0,100.0,0.0,,28.47,
7,BUBBLE MAILER 9x14,475.85,0.4,80.2,3.8,16.0,4.32,8.42,4.4
7,BOX 16x24x12,1641.69,10.6,0.0,66.7,33.3,,18.95,9.0
7,PIZZA BOX 42x32x2 (3x strapped),4421.96,43.1,0.0,100.0,0.0,,42.11,
7,"POLY BAG 14,5x19",855.19,3.9,31.9,33.0,35.1,11.85,10.62,5.16
7,PIZZA BOX 30x20x3 (2x strapped),1251.35,13.1,0.0,67.1,32.9,,20.32,8.6
7,MUG BOX 9x7x5,612.9,1.7,17.3,80.0,2.7,8.09,8.3,4.72
7,PIZZA BOX 36x24x2 (3x strapped),1088.36,22.1,0.0,77.2,22.8,,21.69,10.32
7,MUG BOX 16x6x4,432.61,2.6,25.5,72.3,2.1,10.76,8.78,4.89
7,Carpet Box 22x4x4,391.54,1.4,9.3,86.0,4.7,12.19,9.01,4.72
7,MIXPIX BOX_(2),345.3,2.4,35.9,48.7,15.4,9.68,9.5,4.89
7,PIZZA BOX 40x30x2 (3x strapped),1365.87,28.4,0.0,100.0,0.0,,35.94,
7,POLY BAG 12x15,194.69,0.7,91.9,5.4,2.7,5.1,8.3,4.8
7,PIZZA BOX 40x30x2 (2x strapped),1000.67,19.7,0.0,100.0,0.0,,31.27,
7,WRAP 36''x24'' [x2],398.96,6.4,0.0,70.8,29.2,,19.56,9.5
7,PIZZA BOX 24x20x2 (3x strapped),395.78,16.8,0.0,79.2,20.8,,18.84,7.56
7,"CROSS PACKAGING 40X40""",598.88,17.5,0.0,100.0,0.0,,26.04,
7,WRAP 36''x24'',253.66,9.2,0.0,59.1,40.9,,15.22,6.2
7,PIZZA BOX 27x23x2 (2x strapped),359.22,18.6,0.0,76.2,23.8,,20.03,7.73
7,MIXPIX BOX_(4),98.09,0.5,90.0,10.0,0.0,4.53,8.3,
7,PIZZA BOX 27x23x2 (3x strapped),173.08,27.7,0.0,70.0,30.0,,20.38,10.14
7,WRAP 27''x23'',90.38,7.5,0.0,87.5,12.5,,12.17,5.16
7,PIZZA BOX 30x20x3 (3x strapped),124.73,26.9,0.0,100.0,0.0,,20.79,
7,WRAP 40''x30'',96.17,7.2,0.0,100.0,0.0,,16.03,
7,Carpet Box 37x5x5,44.76,4.1,0.0,50.0,50.0,,9.94,4.98
7,WRAP 36''x24'' [x3],26.28,38.3,0.0,100.0,0.0,,26.28,
8,PIZZA BOX 20x16x1,86953.12,1.3,26.9,8.1,65.0,8.3,9.36,4.82
8,PIZZA BOX 12x8x1,46188.74,0.7,36.5,54.8,8.7,5.5,8.27,4.59
8,WRAP 16''x12'',34677.24,1.3,27.7,7.4,64.9,8.2,9.33,4.75
8,PIZZA BOX 16x12x2,36209.49,2.2,21.1,13.1,65.8,11.14,9.69,4.83
8,PIZZA BOX 24x20x2,41513.38,4.3,1.3,36.1,62.5,14.84,13.15,5.11
8,PIZZA BOX 36x24x2,59806.38,6.0,0.0,71.4,28.6,,14.98,5.62
8,PIZZA BOX 20x16x2,33894.65,3.3,20.1,17.9,62.0,12.53,11.56,4.94
8,PIZZA BOX 48X36X1,94394.09,7.9,0.0,100.0,0.0,,26.92,
8,WRAP 24''x16'',20859.0,2.6,0.2,30.5,69.3,12.98,11.41,4.82
8,PIZZA BOX 40x30x1,34268.62,3.4,2.5,97.5,0.0,14.42,12.18,
8,PIZZA BOX 42x32x2,53951.51,9.2,0.0,100.0,0.0,,23.95,
8,"CROSS PACKAGING 30X24""",16693.85,6.0,0.0,31.7,68.3,,13.39,5.18
8,"21"" Tube",11940.45,0.6,25.7,64.2,10.0,7.67,8.54,4.8
8,PIZZA BOX 30x20x3,12140.13,5.3,0.0,35.2,64.8,,15.93,5.49
8,POLY BAG 9x12,6496.99,0.8,26.8,65.4,7.8,5.9,8.43,4.78
8,MUG BOX 16x12x8,5778.3,4.7,17.4,20.9,61.7,12.88,13.48,5.24
8,MUG BOX 5x5x5,4686.4,0.9,28.4,63.6,8.0,6.21,8.27,4.65
8,"26"" Tube",3448.7,0.7,25.0,4.2,70.8,7.84,11.27,4.75
8,PIZZA BOX 42x32x2 (2x strapped),19569.21,21.4,0.0,100.0,0.0,,38.0,
8,MIXPIX BOX,3849.67,1.2,23.5,64.1,12.4,7.28,8.57,4.84
8,"",2395.43,2.2,15.0,9.7,75.3,11.73,9.28,4.82
8,PIZZA BOX 40x30x2,7334.25,7.5,0.0,100.0,0.0,,20.49,
8,PIZZA BOX 27x23x2,2894.19,7.2,0.0,38.5,61.5,,15.37,5.47
8,PIZZA BOX 24x20x2 (2x strapped),3200.71,10.7,0.0,45.2,54.8,,16.83,6.12
8,"POLY BAG 14,5x19",2056.3,3.9,16.4,9.8,73.8,13.33,11.99,5.18
8,"CROSS PACKAGING 40X30""",5299.85,12.8,0.0,94.6,5.4,,19.65,6.13
8,BUBBLE MAILER 9x14,1446.34,0.5,72.9,16.8,10.3,4.73,8.29,4.42
8,BOX 16x24x12,3605.95,9.9,0.0,34.6,65.4,,21.53,9.11
8,MUG BOX 9x7x5,2077.32,1.8,19.5,72.1,8.4,9.2,8.43,4.78
8,PIZZA BOX 36x24x2 (2x strapped),3361.13,15.2,0.0,39.0,61.0,,23.99,8.52
8,"CROSS PACKAGING 49X30""",6810.48,17.9,0.0,100.0,0.0,,31.97,
8,PIZZA BOX 30x20x3 (2x strapped),2427.81,10.5,0.0,28.1,71.9,,22.09,8.6
8,MUG BOX 16x6x4,1386.27,2.9,16.0,31.4,52.7,11.71,9.38,4.87
8,PIZZA BOX 42x32x2 (3x strapped),6975.84,38.8,0.0,100.0,0.0,,42.8,
8,Carpet Box 22x4x4,1211.41,1.4,0.0,91.4,8.6,,9.02,4.77
8,PIZZA BOX 36x24x2 (3x strapped),2546.42,24.6,0.0,62.7,37.3,,28.2,10.45
8,POLY BAG 12x15,575.32,0.6,31.2,5.5,63.3,5.84,8.56,4.72
8,PIZZA BOX 40x30x2 (2x strapped),2435.67,17.9,0.0,100.0,0.0,,33.83,
8,MIXPIX BOX_(2),423.69,2.4,10.0,8.6,81.4,11.58,10.49,4.91
8,WRAP 36''x24'' [x2],928.82,8.8,0.0,32.3,67.7,,26.37,9.56
8,PIZZA BOX 40x30x2 (3x strapped),2243.53,34.7,0.0,100.0,0.0,,40.06,
8,PIZZA BOX 24x20x2 (3x strapped),673.24,16.3,0.0,41.2,58.8,,20.77,7.9
8,Carpet Box 37x5x5,276.0,3.5,0.0,13.3,86.7,,13.28,5.03
8,"CROSS PACKAGING 40X40""",1163.21,17.4,0.0,100.0,0.0,,27.7,
8,MIXPIX BOX_(4),264.18,0.8,53.7,34.1,12.2,5.55,8.43,4.81
8,WRAP 36''x24'',319.15,11.0,0.0,34.4,65.6,,16.49,6.56
8,PIZZA BOX 27x23x2 (2x strapped),333.61,16.0,0.0,26.7,73.3,,20.74,7.62
8,WRAP 27''x23'',166.11,6.3,0.0,15.4,84.6,,12.86,5.21
8,PIZZA BOX 30x20x3 (3x strapped),403.69,25.5,0.0,70.0,30.0,,24.0,11.29
8,WRAP 40''x30'',128.42,6.3,0.0,100.0,0.0,,18.35,
8,WRAP 36''x24'' [x3],187.39,36.4,0.0,100.0,0.0,,31.23,
8,PIZZA BOX 27x23x2 (3x strapped),45.13,24.7,0.0,33.3,66.7,,24.09,10.52
9,PIZZA BOX 20x16x1,437.49,1.0,36.7,0.0,63.3,4.72,,4.94
9,PIZZA BOX 48X36X1,4628.19,8.3,0.0,100.0,0.0,,52.0,
9,PIZZA BOX 36x24x2,507.92,6.6,51.0,0.0,49.0,14.06,,5.69
9,WRAP 24''x16'',212.51,2.6,0.0,0.0,100.0,,,4.94
9,PIZZA BOX 24x20x2,209.08,4.3,11.1,0.0,88.9,10.54,,5.22
9,PIZZA BOX 20x16x2,164.58,3.5,3.1,0.0,96.9,7.38,,5.07
9,"CROSS PACKAGING 30X24""",176.66,6.1,3.1,0.0,96.9,12.09,,5.31
9,PIZZA BOX 12x8x1,112.58,0.8,69.2,0.0,30.8,4.16,,4.72
9,WRAP 16''x12'',129.0,1.4,7.7,0.0,92.3,5.88,,4.89
9,PIZZA BOX 42x32x2,993.15,9.4,0.0,100.0,0.0,,47.29,
9,PIZZA BOX 16x12x2,104.1,2.5,0.0,0.0,100.0,,,4.96
9,PIZZA BOX 30x20x3,106.91,5.9,0.0,0.0,100.0,,,5.63
9,PIZZA BOX 40x30x1,224.7,3.8,100.0,0.0,0.0,12.48,,
9,MUG BOX 16x12x8,47.79,3.6,0.0,0.0,100.0,,,5.31
9,PIZZA BOX 42x32x2 (2x strapped),365.31,22.9,0.0,0.0,100.0,,,40.59
9,"",39.52,2.2,0.0,0.0,100.0,,,4.94
9,PIZZA BOX 27x23x2,44.3,7.5,0.0,0.0,100.0,,,5.54
9,"21"" Tube",24.35,0.7,0.0,0.0,100.0,,,4.87
9,PIZZA BOX 42x32x2 (3x strapped),187.08,39.4,0.0,0.0,100.0,,,46.77
9,"26"" Tube",19.48,0.6,0.0,0.0,100.0,,,4.87
9,PIZZA BOX 24x20x2 (2x strapped),18.33,8.8,0.0,0.0,100.0,,,6.11
9,PIZZA BOX 30x20x3 (2x strapped),26.31,13.0,0.0,0.0,100.0,,,8.77
9,"POLY BAG 14,5x19",15.93,4.6,0.0,0.0,100.0,,,5.31
9,MUG BOX 5x5x5,14.04,0.9,66.7,0.0,33.3,4.67,,4.7
9,BOX 16x24x12,27.81,9.2,0.0,0.0,100.0,,,9.27
9,PIZZA BOX 40x30x2,94.01,6.2,66.7,33.3,0.0,23.57,46.87,
9,PIZZA BOX 40x30x2 (2x strapped),128.09,16.5,0.0,50.0,50.0,,87.5,40.59
9,MUG BOX 16x6x4,9.88,2.9,0.0,0.0,100.0,,,4.94
9,PIZZA BOX 36x24x2 (3x strapped),55.94,24.4,0.0,0.0,100.0,,,27.97
9,"CROSS PACKAGING 49X30""",131.85,17.5,0.0,100.0,0.0,,65.93,
9,"CROSS PACKAGING 40X30""",29.9,12.1,100.0,0.0,0.0,14.95,,
9,WRAP 36''x24'' [x2],19.6,5.6,0.0,0.0,100.0,,,9.8
9,MIXPIX BOX_(2),5.03,2.3,0.0,0.0,100.0,,,5.03
9,MIXPIX BOX,4.87,1.4,0.0,0.0,100.0,,,4.87
9,"CROSS PACKAGING 40X40""",61.17,15.9,0.0,100.0,0.0,,61.17,
9,PIZZA BOX 36x24x2 (2x strapped),8.38,14.9,0.0,0.0,100.0,,,8.38
9,BUBBLE MAILER 9x14,4.38,0.3,100.0,0.0,0.0,4.38,,
9,POLY BAG 12x15,4.94,0.6,0.0,0.0,100.0,,,4.94
9,Carpet Box 37x5x5,5.12,4.1,0.0,0.0,100.0,,,5.12
9,PIZZA BOX 40x30x2 (3x strapped),46.74,36.6,0.0,0.0,100.0,,,46.74
