zip,zone
07820,5
07821,5
07823,5
07825,5
07828,5
07830,5
07831,5
07832,5
07833,5
07838,5
07840,5
07844,5
07846,5
07853,5
07860,5
07863,5
07865,5
07870,5
07874,5
07880,5
07882,5
08525,5
08530,5
08534,5
08551,5
08559,5
08560,5
08801,5
08802,5
08804,5
08809,5
08822,5
08825,5
08826,5
08827,5
08829,5
08833,5
08848,5
08858,5
08865,5
08867,5
08886,5
08887,5
08889,5
17039,5
17073,5
17087,5
17088,5
17507,5
17519,5
17555,5
17569,5
17888,5
17901,5
17920,5
17921,5
17922,5
17923,5
17925,5
17929,5
17930,5
17931,5
17933,5
17934,5
17935,5
17936,5
17943,5
17944,5
17945,5
17946,5
17948,5
17949,5
17951,5
17952,5
17953,5
17954,5
17959,5
17960,5
17961,5
17963,5
17965,5
17967,5
17970,5
17972,5
17974,5
17976,5
17979,5
17981,5
17982,5
17985,5
18012,5
18013,5
18014,5
18015,5
18017,5
18018,5
18020,5
18030,5
18031,5
18032,5
18034,5
18035,5
18036,5
18037,5
18038,5
18040,5
18042,5
18045,5
18046,5
18051,5
18052,5
18053,5
18055,5
18058,5
18059,5
18063,5
18064,5
18065,5
18066,5
18067,5
18069,5
18071,5
18072,5
18077,5
18078,5
18079,5
18080,5
18081,5
18083,5
18085,5
18086,5
18087,5
18088,5
18091,5
18101,5
18102,5
18103,5
18104,5
18106,5
18109,5
18195,5
18201,5
18202,5
18210,5
18211,5
18212,5
18214,5
18216,5
18218,5
18219,5
18220,5
18221,5
18222,5
18223,5
18224,5
18225,5
18229,5
18230,5
18231,5
18232,5
18234,5
18235,5
18237,5
18239,5
18240,5
18241,5
18242,5
18244,5
18245,5
18246,5
18248,5
18249,5
18250,5
18252,5
18254,5
18255,5
18256,5
18301,5
18321,5
18322,5
18327,5
18330,5
18331,5
18333,5
18343,5
18351,5
18353,5
18354,5
18356,5
18360,5
18610,5
18624,5
18635,5
18661,5
18933,5
19501,5
19506,5
19507,5
19510,5
19511,5
19516,5
19522,5
19526,5
19529,5
19530,5
19533,5
19534,5
19535,5
19536,5
19538,5
19540,5
19541,5
19544,5
19549,5
19550,5
19551,5
19554,5
19555,5
19559,5
19560,5
19562,5
19564,5
19565,5
19567,5
19601,5
19602,5
19604,5
19605,5
19606,5
19607,5
19608,5
19609,5
19610,5
19611,5
76501,5
76502,5
76504,5
76513,5
76542,5
76548,5
76549,5
76554,5
76559,5
76564,5
76571,5
76643,5
76655,5
76701,5
76704,5
76705,5
76706,5
76707,5
76708,5
76710,5
76711,5
76712,5
76798,5
30002,5
30004,4
30005,4
30008,4
30009,4
30011,4
30012,5
30013,5
30014,5
30016,5
30017,5
30019,4
30021,5
30022,4
30024,4
30025,5
30028,4
30030,5
30032,5
30033,5
30034,5
30035,5
30038,5
30039,5
30040,4
30041,4
30043,4
30044,4
30045,4
30046,4
30047,4
30052,5
30054,5
30058,5
30060,4
30062,4
30064,4
30066,4
30067,4
30068,4
30070,5
30071,4
30072,5
30075,4
30076,4
30078,5
30079,5
30080,4
30082,4
30083,5
30084,4
30087,5
30088,5
30092,4
30093,4
30094,5
30096,4
30097,4
30101,4
30102,4
30103,4
30104,4
30106,4
30107,4
30110,4
30113,4
30114,4
30115,4
30116,5
30117,5
30118,5
30120,4
30121,4
30122,4
30124,4
30125,4
30126,4
30127,4
30132,4
30134,4
30135,5
30137,4
30139,4
30141,4
30143,4
30144,4
30145,4
30147,4
30148,4
30149,4
30152,4
30153,4
30157,4
30161,4
30165,4
30168,4
30171,4
30173,4
30177,4
30178,4
30179,4
30180,4
30182,4
30183,4
30184,4
30185,5
30187,5
30188,4
30189,4
30205,5
30213,5
30214,5
30215,5
30228,5
30236,5
30238,5
30250,5
30252,5
30253,5
30260,5
30263,5
30265,5
30268,5
30269,5
30273,5
30274,5
30275,5
30276,5
30277,5
30281,5
30288,5
30289,5
30290,5
30291,5
30294,5
30296,5
30297,5
30303,5
30305,4
30306,5
30307,5
30308,5
30309,5
30310,5
30311,5
30312,5
30313,5
30314,5
30315,5
30316,5
30317,5
30318,4
30319,4
30322,5
30324,4
30326,4
30327,4
30328,4
30329,4
30331,5
30332,5
30334,5
30336,5
30337,5
30338,4
30339,4
30340,4
30341,4
30342,4
30344,5
30345,4
30346,4
30349,5
30350,4
30354,5
30360,4
30363,4
30501,4
30504,4
30506,4
30507,4
30517,4
30518,4
30519,4
30533,4
30542,4
30548,4
30564,4
30566,4
30567,4
30575,4
30597,4
30620,5
30655,5
30656,5
30680,5
73344,5
76511,5
76527,5
76530,5
76537,5
76567,5
76573,5
76574,5
76577,5
76578,5
78602,5
78605,5
78608,5
78610,5
78611,5
78612,5
78613,5
78615,5
78616,5
78617,5
78619,5
78620,5
78621,5
78626,5
78627,5
78628,5
78630,5
78633,5
78634,5
78639,5
78640,5
78641,5
78642,5
78644,5
78645,5
78646,5
78648,6
78650,5
78651,5
78652,5
78653,5
78654,5
78655,6
78656,5
78657,5
78660,5
78662,5
78663,5
78664,5
78665,5
78666,6
78669,5
78674,5
78676,6
78680,5
78681,5
78682,5
78683,5
78691,5
78701,5
78702,5
78703,5
78704,5
78705,5
78708,5
78709,5
78710,5
78711,5
78712,5
78713,5
78714,5
78715,5
78716,5
78717,5
78718,5
78719,5
78720,5
78721,5
78722,5
78723,5
78724,5
78725,5
78726,5
78727,5
78728,5
78729,5
78730,5
78731,5
78732,5
78733,5
78734,5
78735,5
78736,5
78737,5
78738,5
78739,5
78741,5
78742,5
78744,5
78745,5
78746,5
78747,5
78748,5
78749,5
78750,5
78751,5
78752,5
78753,5
78754,5
78755,5
78756,5
78757,5
78758,5
78759,5
78760,5
78761,5
78762,5
78763,5
78764,5
78765,5
78766,5
78767,5
78768,5
78772,5
78773,5
78774,5
78778,5
78779,5
78783,5
78799,5
78957,5
01003,5
01004,5
01059,5
01101,5
01001,5
01002,5
01007,5
01009,5
01010,5
01013,5
01020,5
01027,5
01028,5
01030,5
01033,5
01035,5
01036,5
01038,5
01039,5
01040,5
01053,5
01056,5
01057,5
01060,5
01062,5
01063,5
01069,5
01073,5
01075,5
01077,5
01079,5
01080,5
01081,5
01082,5
01083,5
01088,5
01089,5
01092,5
01095,5
01096,5
01103,5
01104,5
01105,5
01106,5
01107,5
01108,5
01109,5
01115,5
01118,5
01119,5
01128,5
01129,5
01144,5
01151,5
01253,5
01255,5
01257,5
01259,5
01506,5
01507,5
01508,5
01509,5
01515,5
01518,5
01521,5
01535,5
01550,5
01562,5
01566,5
01571,5
01585,5
01601,5
02891,5
06001,5
06002,5
06006,5
06010,5
06011,5
06013,5
06016,5
06018,5
06019,5
06020,5
06021,5
06022,5
06023,5
06024,5
06025,5
06026,5
06027,5
06028,5
06029,5
06030,5
06031,5
06032,5
06033,5
06034,5
06035,5
06037,5
06039,5
06040,5
06041,5
06042,5
06043,5
06045,5
06050,5
06051,5
06052,5
06053,5
06057,5
06058,5
06059,5
06060,5
06061,5
06062,5
06063,5
06064,5
06065,5
06066,5
06067,5
06068,5
06069,5
06070,5
06071,5
06072,5
06073,5
06074,5
06075,5
06076,5
06077,5
06078,5
06080,5
06081,5
06082,5
06083,5
06084,5
06085,5
06088,5
06089,5
06090,5
06092,5
06093,5
06094,5
06095,5
06096,5
06098,5
06101,5
06102,5
06103,5
06104,5
06105,5
06106,5
06107,5
06108,5
06109,5
06110,5
06111,5
06112,5
06114,5
06115,5
06117,5
06118,5
06119,5
06120,5
06126,5
06127,5
06128,5
06129,5
06131,5
06132,5
06133,5
06134,5
06137,5
06138,5
06141,5
06142,5
06143,5
06144,5
06145,5
06146,5
06147,5
06151,5
06152,5
06153,5
06154,5
06155,5
06156,5
06160,5
06183,5
06226,5
06231,5
06232,5
06234,5
06235,5
06237,5
06238,5
06239,5
06241,5
06242,5
06247,5
06248,5
06249,5
06250,5
06251,5
06254,5
06255,5
06256,5
06259,5
06260,5
06262,5
06268,5
06269,5
06277,5
06278,5
06279,5
06280,5
06281,5
06282,5
06320,5
06330,5
06331,5
06332,5
06333,5
06334,5
06335,5
06336,5
06338,5
06339,5
06340,5
06349,5
06350,5
06351,5
06353,5
06354,5
06355,5
06357,5
06359,5
06360,5
06365,5
06370,5
06371,5
06372,5
06373,5
06374,5
06375,5
06376,5
06377,5
06378,5
06379,5
06380,5
06382,5
06383,5
06384,5
06385,5
06387,5
06388,5
06389,5
06401,5
06403,5
06404,5
06405,5
06408,5
06409,5
06410,5
06411,5
06412,5
06413,5
06414,5
06415,5
06416,5
06417,5
06418,5
06419,5
06420,5
06422,5
06423,5
06424,5
06426,5
06437,5
06438,5
06439,5
06441,5
06442,5
06443,5
06447,5
06450,5
06451,5
06455,5
06456,5
06457,5
06459,5
06460,5
06461,5
06467,5
06468,5
06469,5
06470,5
06471,5
06472,5
06473,5
06475,5
06477,5
06478,5
06479,5
06480,5
06481,5
06482,5
06483,5
06484,5
06487,5
06488,5
06489,5
06491,5
06492,5
06493,5
06498,5
06501,5
06502,5
06503,5
06504,5
06505,5
06506,5
06507,5
06508,5
06509,5
06510,5
06511,5
06512,5
06513,5
06514,5
06515,5
06516,5
06517,5
06518,5
06519,5
06520,5
06524,5
06525,5
06530,5
06531,5
06533,5
06534,5
06536,5
06601,5
06602,5
06604,5
06605,5
06606,5
06607,5
06608,5
06610,5
06611,5
06612,5
06614,5
06615,5
06701,5
06702,5
06703,5
06704,5
06705,5
06706,5
06708,5
06710,5
06712,5
06716,5
06720,5
06721,5
06722,5
06723,5
06724,5
06749,5
06750,5
06751,5
06752,5
06754,5
06755,5
06756,5
06757,5
06759,5
06762,5
06763,5
06770,5
06776,5
06777,5
06778,5
06779,5
06781,5
06782,5
06783,5
06784,5
06785,5
06786,5
06787,5
06790,5
06791,5
06792,5
06793,5
06794,5
06795,5
06796,5
06798,5
06801,5
06804,5
06807,5
06810,5
06811,5
06812,5
06813,5
06817,5
06820,5
06824,5
06825,5
06828,5
06829,5
06830,5
06831,5
06836,5
06838,5
06840,5
06850,5
06851,5
06852,5
06853,5
06854,5
06855,5
06856,5
06857,5
06858,5
06859,5
06860,5
06870,5
06875,5
06876,5
06877,5
06878,5
06880,5
06881,5
06883,5
06888,5
06889,5
06890,5
06896,5
06897,5
06901,5
06902,5
06903,5
06904,5
06905,5
06906,5
06907,5
06910,5
06911,5
06912,5
06913,5
06914,5
06920,5
06921,5
06922,5
06926,5
06927,5
10509,5
12501,5
12503,5
12522,5
12531,5
12545,5
12546,5
12563,5
12564,5
12570,5
12585,5
12592,5
12594,5
93215,7
93241,7
93250,7
93261,7
93263,7
93301,7
93304,7
93305,7
93306,7
93307,7
93308,7
93309,7
93311,7
93312,7
93313,7
93314,7
36505,5
36507,5
36509,5
36511,5
36512,5
36521,5
36523,5
36525,5
36526,5
36527,5
36530,5
36532,5
36533,5
36535,5
36536,5
36541,5
36544,5
36551,5
36555,5
36559,5
36564,5
36567,5
36568,5
36571,5
36572,5
36575,5
36576,5
36577,5
36578,5
36580,5
36582,5
36587,5
36590,5
36601,5
36602,5
36603,5
36604,5
36605,5
36606,5
36607,5
36608,5
36609,5
36610,5
36611,5
36612,5
36613,5
36615,5
36616,5
36617,5
36618,5
36619,5
36628,5
36633,5
36640,5
36641,5
36644,5
36652,5
36660,5
36663,5
36670,5
36671,5
36675,5
36685,5
36688,5
36689,5
36691,5
36693,5
36695,5
35004,4
35005,4
35007,5
35020,4
35022,5
35023,4
35036,4
35052,4
35060,4
35061,4
35064,4
35068,4
35071,4
35073,4
35080,5
35094,4
35114,5
35117,4
35118,4
35119,4
35124,5
35127,4
35173,4
35181,4
35185,5
35203,4
35204,4
35205,4
35206,4
35207,4
35208,4
35209,4
35210,4
35211,4
35212,4
35213,4
35214,4
35215,4
35216,4
35217,4
35218,4
35221,4
35222,4
35223,4
35224,4
35226,4
35228,4
35229,4
35233,4
35234,4
35235,4
35242,4
35243,4
35244,5
37010,4
37012,4
37013,4
37014,4
37015,4
37016,4
37018,4
37020,4
37022,4
37025,4
37026,4
37027,4
37029,4
37031,4
37032,4
37034,4
37035,4
37036,4
37037,4
37040,4
37042,4
37043,4
37046,4
37048,4
37049,4
37055,4
37057,4
37059,4
37060,4
37062,4
37064,4
37066,4
37067,4
37069,4
37072,4
37073,4
37074,4
37075,4
37076,4
37080,4
37082,4
37085,4
37086,4
37087,4
37090,4
37091,4
37095,4
37115,4
37118,4
37122,4
37127,4
37128,4
37129,4
37130,4
37132,4
37135,4
37138,4
37141,4
37143,4
37146,4
37148,4
37149,4
37151,4
37153,4
37160,4
37167,4
37172,4
37174,4
37179,4
37180,4
37184,4
37187,4
37188,4
37189,4
37190,4
37201,4
37203,4
37204,4
37205,4
37206,4
37207,4
37208,4
37209,4
37210,4
37211,4
37212,4
37213,4
37214,4
37215,4
37216,4
37217,4
37218,4
37219,4
37220,4
37221,4
37228,4
37240,4
38401,4
38476,4
38482,4
38487,4
38547,4
38563,4
38567,4
38569,4
01539,5
01580,5
01582,5
01587,5
01801,5
01803,5
01805,5
01806,5
01807,5
01808,5
01813,5
01815,5
01833,5
01834,5
01835,5
01851,5
01852,5
01853,5
01854,5
01864,5
01867,5
01880,5
01885,5
01887,5
01888,5
01889,5
01890,5
01901,5
01902,5
01903,5
01904,5
01905,5
01906,5
01907,5
01908,5
01910,5
01915,5
01921,5
01923,5
01929,5
01930,5
01931,5
01936,5
01937,5
01938,5
01940,5
01944,5
01945,5
01949,5
01960,5
01961,5
01965,5
01966,5
01969,5
01970,5
01971,5
01982,5
01983,5
01984,5
02018,5
02020,5
02021,5
02025,5
02026,5
02027,5
02031,5
02035,5
02040,5
02041,5
02043,5
02044,5
02045,5
02047,5
02048,5
02050,5
02051,5
02055,5
02059,5
02060,5
02061,5
02062,5
02065,5
02066,5
02067,5
02072,5
02090,5
02101,5
02102,5
02103,5
02104,5
02105,5
02106,5
02107,5
02108,5
02109,5
02110,5
02111,5
02112,5
02113,5
02114,5
02115,5
02116,5
02117,5
02118,5
02119,5
02120,5
02121,5
02122,5
02123,5
02124,5
02125,5
02126,5
02127,5
02128,5
02129,5
02130,5
02131,5
02132,5
02133,5
02134,5
02135,5
02136,5
02137,5
02138,5
02139,5
02140,5
02141,5
02142,5
02143,5
02144,5
02145,5
02146,5
02147,5
02148,5
02149,5
02150,5
02151,5
02152,5
02153,5
02155,5
02156,5
02158,5
02159,5
02160,5
02161,5
02162,5
02163,5
02164,5
02165,5
02166,5
02167,5
02168,5
02169,5
02170,5
02171,5
02172,5
02174,5
02175,5
02176,5
02177,5
02178,5
02179,5
02180,5
02184,5
02185,5
02186,5
02187,5
02188,5
02189,5
02190,5
02191,5
02192,5
02194,5
02195,5
02199,5
02201,5
02202,5
02203,5
02204,5
02205,5
02206,5
02207,5
02208,5
02209,5
02210,5
02211,5
02215,5
02216,5
02217,5
02222,5
02228,5
02238,5
02239,5
02241,5
02254,5
02258,5
02266,5
02269,5
02272,5
02277,5
02283,5
02284,5
02293,5
02295,5
02297,5
02301,5
02302,5
02303,5
02304,5
02305,5
02322,5
02324,5
02325,5
02327,5
02330,5
02331,5
02332,5
02333,5
02334,5
02337,5
02338,5
02339,5
02340,5
02341,5
02343,5
02344,5
02345,5
02346,5
02347,5
02348,5
02349,5
02350,5
02351,5
02355,5
02356,5
02357,5
02358,5
02359,5
02360,5
02361,5
02362,5
02364,5
02366,5
02367,5
02368,5
02370,5
02375,5
02379,5
02381,5
02382,5
02420,5
02421,5
02445,5
02446,5
02447,5
02451,5
02452,5
02453,5
02454,5
02455,5
02456,5
02458,5
02459,5
02460,5
02461,5
02462,5
02465,5
02466,5
02467,5
02468,5
02471,5
02472,5
02474,5
02475,5
02476,5
02477,5
02478,5
02479,5
02495,5
02532,5
02534,5
02536,5
02537,5
02538,5
02540,5
02541,5
02543,5
02553,5
02556,5
02558,5
02559,5
02561,5
02562,5
02563,5
02565,5
02571,5
02574,5
02576,5
02601,5
02630,5
02632,5
02634,5
02635,5
02636,5
02637,5
02638,5
02641,5
02643,5
02644,5
02647,5
02648,5
02649,5
02655,5
02660,5
02661,5
02662,5
02664,5
02668,5
02669,5
02672,5
02673,5
02675,5
02702,5
02703,5
02714,5
02715,5
02717,5
02718,5
02719,5
02720,5
02721,5
02722,5
02723,5
02724,5
02725,5
02726,5
02738,5
02739,5
02740,5
02741,5
02742,5
02743,5
02744,5
02745,5
02746,5
02747,5
02748,5
02760,5
02761,5
02762,5
02763,5
02764,5
02766,5
02767,5
02768,5
02769,5
02770,5
02771,5
02777,5
02779,5
02780,5
02783,5
02790,5
02791,5
02802,5
02804,5
02806,5
02808,5
02809,5
02812,5
02813,5
02814,5
02815,5
02816,5
02817,5
02818,5
02822,5
02823,5
02824,5
02825,5
02826,5
02827,5
02828,5
02829,5
02830,5
02831,5
02832,5
02833,5
02835,5
02836,5
02837,5
02838,5
02839,5
02842,5
02852,5
02854,5
02857,5
02858,5
02859,5
02860,5
02861,5
02862,5
02863,5
02864,5
02865,5
02871,5
02873,5
02874,5
02875,5
02876,5
02877,5
02878,5
02879,5
02880,5
02881,5
02882,5
02883,5
02885,5
02886,5
02887,5
02888,5
02889,5
02892,5
02893,5
02894,5
02895,5
02896,5
02898,5
02901,5
02902,5
02903,5
02904,5
02905,5
02906,5
02907,5
02908,5
02909,5
02910,5
02911,5
02912,5
02914,5
02915,5
02916,5
02917,5
02918,5
02919,5
02920,5
02921,5
02940,5
03107,5
03805,5
77611,5
77619,5
77627,5
77630,5
77631,5
77632,5
77639,5
77640,5
77641,5
77642,5
77643,5
77651,5
77662,5
77670,5
77701,5
77702,5
77703,5
77704,5
77705,5
77706,5
77707,5
77708,5
77710,5
77713,5
77720,5
77725,5
77726,5
20001,5
20002,5
20003,5
20004,5
20005,5
20006,5
20007,5
20008,5
20009,5
20010,5
20011,5
20012,5
20013,5
20015,5
20016,5
20017,5
20018,5
20019,5
20020,5
20024,5
20026,5
20029,5
20030,5
20032,5
20033,5
20035,5
20036,5
20037,5
20038,5
20039,5
20040,5
20041,5
20042,5
20043,5
20044,5
20045,5
20046,5
20047,5
20049,5
20050,5
20051,5
20052,5
20053,5
20055,5
20056,5
20057,5
20058,5
20059,5
20060,5
20061,5
20062,5
20064,5
20065,5
20066,5
20068,5
20069,5
20070,5
20071,5
20073,5
20074,5
20075,5
20076,5
20077,5
20080,5
20081,5
20088,5
20090,5
20091,5
20098,5
20129,4
20132,4
20135,4
20141,4
20158,4
20175,4
20176,4
20177,4
20180,4
20197,4
20201,5
20202,5
20203,5
20204,5
20206,5
20207,5
20208,5
20210,5
20211,5
20212,5
20213,5
20215,5
20216,5
20217,5
20218,5
20219,5
20220,5
20221,5
20222,5
20223,5
20224,5
20226,5
20227,5
20228,5
20229,5
20230,5
20231,5
20232,5
20233,5
20235,5
20238,5
20239,5
20240,5
20241,5
20242,5
20244,5
20245,5
20250,5
20251,5
20254,5
20260,5
20261,5
20262,5
20265,5
20266,5
20268,5
20270,5
20289,5
20299,5
20301,5
20303,5
20306,5
20307,5
20310,5
20314,5
20315,5
20317,5
20318,5
20319,5
20330,5
20340,5
20350,5
20370,5
20372,5
20374,5
20380,5
20388,5
20389,5
20390,5
20391,5
20392,5
20393,5
20394,5
20395,5
20398,5
20401,5
20402,5
20403,5
20404,5
20405,5
20406,5
20407,5
20408,5
20409,5
20410,5
20411,5
20412,5
20413,5
20414,5
20415,5
20416,5
20418,5
20419,5
20420,5
20421,5
20422,5
20423,5
20424,5
20425,5
20426,5
20427,5
20428,5
20429,5
20431,5
20433,5
20434,5
20435,5
20436,5
20437,5
20439,5
20440,5
20441,5
20442,5
20444,5
20447,5
20451,5
20453,5
20456,5
20460,5
20463,5
20469,5
20472,5
20500,5
20502,5
20503,5
20505,5
20506,5
20507,5
20508,5
20510,5
20515,5
20520,5
20521,5
20522,5
20523,5
20524,5
20525,5
20526,5
20527,5
20529,5
20530,5
20531,5
20532,5
20533,5
20534,5
20535,5
20536,5
20538,5
20539,5
20540,5
20541,5
20542,5
20543,5
20544,5
20546,5
20547,5
20548,5
20549,5
20551,5
20552,5
20553,5
20554,5
20555,5
20557,5
20559,5
20560,5
20565,5
20566,5
20570,5
20571,5
20573,5
20575,5
20576,5
20577,5
20578,5
20579,5
20580,5
20581,5
20585,5
20586,5
20590,5
20591,5
20594,5
20597,5
20599,5
20701,5
20703,5
20704,5
20705,5
20706,5
20707,5
20708,5
20710,5
20712,5
20715,5
20716,5
20717,5
20718,5
20719,5
20720,5
20721,5
20722,5
20723,5
20724,5
20725,5
20726,5
20731,5
20733,5
20737,5
20738,5
20740,5
20741,5
20742,5
20743,5
20746,5
20747,5
20752,5
20753,5
20757,5
20759,5
20763,5
20764,5
20765,5
20769,5
20770,5
20771,5
20774,5
20776,5
20777,5
20778,5
20781,5
20782,5
20783,5
20784,5
20785,5
20787,5
20788,5
20790,5
20791,5
20794,5
20812,5
20813,5
20814,5
20815,5
20816,5
20817,5
20818,5
20824,5
20825,5
20827,5
20832,5
20833,5
20837,4
20841,4
20842,4
20847,5
20848,5
20849,5
20850,5
20851,5
20852,5
20853,5
20854,5
20855,5
20857,5
20859,5
20860,5
20861,5
20866,5
20868,5
20871,4
20872,4
20874,4
20875,4
20876,4
20877,4
20878,4
20879,4
20880,5
20882,4
20886,4
20891,5
20895,5
20896,5
20898,4
20899,4
20901,5
20902,5
20903,5
20904,5
20905,5
20906,5
20907,5
20908,5
20910,5
20912,5
20913,5
20914,5
20915,5
20916,5
20918,5
21009,5
21012,5
21013,5
21014,5
21015,5
21017,5
21022,5
21029,5
21030,5
21031,5
21032,5
21035,5
21036,5
21037,5
21040,5
21041,5
21042,5
21043,5
21044,5
21045,5
21046,5
21047,5
21048,5
21050,5
21053,5
21054,5
21057,5
21060,5
21061,5
21062,5
21071,5
21074,5
21075,5
21076,5
21077,5
21082,5
21084,5
21085,5
21087,5
21090,5
21093,5
21094,5
21102,5
21104,5
21108,5
21111,5
21113,5
21114,5
21117,5
21120,5
21122,5
21128,5
21131,5
21133,5
21136,5
21139,5
21140,5
21144,5
21146,5
21152,5
21153,5
21155,5
21157,4
21158,4
21161,5
21162,5
21163,5
21201,5
21202,5
21203,5
21204,5
21205,5
21206,5
21207,5
21208,5
21209,5
21210,5
21211,5
21212,5
21213,5
21214,5
21215,5
21216,5
21217,5
21218,5
21219,5
21220,5
21221,5
21222,5
21223,5
21224,5
21225,5
21226,5
21227,5
21228,5
21229,5
21230,5
21231,5
21233,5
21234,5
21235,5
21236,5
21237,5
21239,5
21240,5
21241,5
21244,5
21250,5
21251,5
21252,5
21263,5
21264,5
21265,5
21274,5
21275,5
21278,5
21279,5
21281,5
21282,5
21283,5
21284,5
21285,5
21286,5
21287,5
21288,5
21289,5
21290,5
21297,5
21298,5
21401,5
21402,5
21403,5
21404,5
21405,5
21409,5
21601,5
21612,5
21617,5
21619,5
21620,5
21638,5
21654,5
21658,5
21661,5
21662,5
21663,5
21666,5
21671,5
21678,5
21701,4
21702,4
21703,4
21704,4
21710,4
21716,4
21723,5
21737,5
21738,5
21754,4
21755,4
21757,4
21758,4
21769,4
21770,4
21771,4
21773,4
21774,4
21776,4
21777,4
21778,4
21779,4
21784,5
21787,4
21788,4
21791,4
21793,4
21794,5
21797,5
21798,4
22020,4
25425,4
44001,3
44004,4
44011,4
44012,4
44017,4
44021,4
44022,4
44023,4
44024,4
44026,4
44028,4
44035,4
44039,4
44040,4
44041,4
44044,4
44045,4
44049,3
44050,4
44052,4
44053,3
44054,4
44055,4
44056,4
44057,4
44060,4
44062,4
44065,4
44067,4
44070,4
44072,4
44073,4
44074,4
44077,4
44081,4
44087,4
44089,3
44092,4
44094,4
44095,4
44101,4
44102,4
44103,4
44104,4
44105,4
44106,4
44107,4
44108,4
44109,4
44110,4
44111,4
44112,4
44113,4
44114,4
44115,4
44116,4
44117,4
44118,4
44119,4
44120,4
44121,4
44122,4
44123,4
44124,4
44125,4
44126,4
44127,4
44128,4
44129,4
44130,4
44131,4
44132,4
44133,4
44134,4
44135,4
44136,4
44137,4
44138,4
44139,4
44140,4
44141,4
44142,4
44143,4
44144,4
44145,4
44146,4
44147,4
44149,4
44201,4
44202,4
44203,4
44212,4
44215,4
44216,4
44221,4
44223,4
44224,4
44230,4
44233,4
44236,4
44240,4
44241,4
44242,4
44243,4
44250,4
44251,4
44256,4
44260,4
44262,4
44264,4
44266,4
44270,4
44272,4
44273,4
44278,4
44280,4
44281,4
44285,4
44286,4
44288,4
44301,4
44302,4
44303,4
44304,4
44305,4
44306,4
44307,4
44308,4
44310,4
44311,4
44312,4
44313,4
44314,4
44319,4
44320,4
44321,4
44325,4
44333,4
44334,4
44405,4
44420,4
44437,4
44440,4
44446,4
44471,4
44481,4
44483,4
44484,4
44485,4
44502,4
44503,4
44504,4
44505,4
44506,4
44507,4
44509,4
44510,4
44511,4
44512,4
44514,4
44515,4
44555,4
44601,4
44613,4
44614,4
44632,4
44641,4
44646,4
44647,4
44652,4
44662,4
44666,4
44667,4
44672,4
44677,4
44685,4
44702,4
44703,4
44704,4
44705,4
44706,4
44707,4
44708,4
44709,4
44710,4
44714,4
44718,4
44720,4
44721,4
44839,3
44870,3
77320,5
77340,5
77341,5
77445,5
77801,5
77802,5
77803,5
77805,5
77806,5
77807,5
77808,5
77830,5
77831,5
77833,5
77836,5
77840,5
77841,5
77842,5
77843,5
77844,5
77845,5
77852,5
77859,5
77861,5
77864,5
77866,5
77867,5
77868,5
77872,5
77873,5
77875,5
77876,5
77879,5
77880,5
77881,5
27013,4
27014,4
27054,4
27299,4
28001,5
28006,4
28007,5
28009,5
28012,4
28016,4
28020,4
28021,4
28023,4
28025,5
28027,5
28031,4
28032,4
28033,4
28034,4
28036,4
28037,4
28040,4
28052,4
28054,4
28056,4
28071,5
28072,4
28073,4
28075,5
28077,4
28078,4
28079,5
28080,4
28081,4
28083,4
28086,4
28088,4
28090,4
28092,4
28097,5
28098,4
28101,4
28103,5
28104,5
28105,5
28107,5
28108,5
28109,5
28110,5
28112,5
28114,4
28115,4
28117,4
28120,4
28124,5
28125,4
28127,5
28128,5
28129,5
28133,5
28134,5
28135,5
28137,5
28138,5
28144,4
28146,5
28147,4
28150,4
28152,4
28159,4
28163,5
28164,4
28166,4
28168,4
28173,5
28174,5
28202,5
28203,5
28204,5
28205,5
28206,5
28207,5
28208,5
28209,5
28210,5
28211,5
28212,5
28213,5
28214,4
28215,5
28216,4
28217,5
28218,5
28223,5
28226,5
28227,5
28244,5
28262,5
28269,5
28270,5
28273,5
28274,5
28277,5
28278,5
28280,5
28282,5
28601,4
28602,4
28609,4
28610,4
28612,4
28613,4
28625,4
28637,4
28650,4
28658,4
28673,4
28677,4
28678,4
28682,4
29014,5
29055,5
29058,5
29067,5
29340,4
29341,4
29364,5
29702,4
29704,5
29706,5
29707,5
29708,5
29710,4
29712,5
29714,5
29715,5
29717,5
29718,5
29720,5
29726,5
29727,5
29728,5
29729,5
29730,5
29732,5
29733,5
29742,5
29743,4
29745,5
43002,3
43004,4
43015,3
43016,3
43017,3
43018,4
43021,3
43023,4
43025,4
43026,3
43035,3
43040,3
43054,4
43055,4
43056,4
43061,3
43062,4
43064,3
43065,3
43068,4
43074,3
43077,3
43081,3
43082,3
43085,3
43103,4
43105,4
43109,4
43110,4
43112,4
43113,4
43116,3
43119,3
43123,3
43125,4
43126,3
43130,4
43136,4
43137,4
43140,3
43146,3
43147,4
43162,3
43201,3
43202,3
43203,3
43204,3
43205,3
43206,3
43207,3
43209,3
43210,3
43211,3
43212,3
43213,4
43214,3
43215,3
43217,4
43218,3
43219,3
43220,3
43221,3
43222,3
43223,3
43224,3
43227,4
43228,3
43229,3
43230,3
43231,3
43232,4
43235,3
43240,3
78335,6
78336,6
78339,6
78343,6
78347,6
78351,6
78352,6
78358,6
78359,6
78362,6
78363,6
78370,6
78373,6
78374,6
78380,6
78381,6
78382,6
78383,6
78387,6
78390,6
78401,6
78402,6
78403,6
78404,6
78405,6
78406,6
78407,6
78408,6
78409,6
78410,6
78411,6
78412,6
78413,6
78414,6
78415,6
78416,6
78417,6
78418,6
78419,6
78426,6
78427,6
78460,6
78463,6
78465,6
78466,6
78467,6
78468,6
78469,6
78472,6
78480,6
41001,3
41005,3
41011,3
41012,3
41014,3
41015,3
41016,3
41017,3
41018,3
41042,3
41048,3
41051,3
41071,3
41072,3
41073,3
41074,3
41075,3
41076,3
41091,3
41094,3
45001,3
45002,3
45011,3
45013,3
45014,3
45015,3
45018,3
45030,3
45033,3
45034,3
45036,3
45039,3
45040,3
45041,3
45044,3
45050,3
45051,3
45052,3
45053,3
45055,3
45056,3
45061,3
45062,3
45065,3
45067,3
45069,3
45102,3
45103,3
45107,3
45111,3
45122,3
45140,3
45147,3
45150,3
45152,3
45158,3
45160,3
45162,3
45174,3
45202,3
45203,3
45204,3
45205,3
45206,3
45207,3
45208,3
45209,3
45211,3
45212,3
45213,3
45214,3
45215,3
45216,3
45217,3
45218,3
45219,3
45220,3
45221,3
45222,3
45223,3
45224,3
45225,3
45226,3
45227,3
45229,3
45230,3
45231,3
45232,3
45233,3
45236,3
45237,3
45238,3
45239,3
45240,3
45241,3
45242,3
45243,3
45244,3
45245,3
45246,3
45247,3
45248,3
45249,3
45250,3
45251,3
45252,3
45253,3
45254,3
45255,3
45258,3
45263,3
45267,3
47025,3
47060,3
22534,5
22551,5
20119,4
20136,4
20155,4
20181,4
22079,5
22125,5
22192,5
22194,5
22009,5
22015,5
22039,5
22150,5
22152,5
22153,5
22156,5
22158,5
22121,5
22303,5
22306,5
22307,5
22308,5
22309,5
22041,5
22302,5
22304,5
22310,5
22311,5
22312,5
22315,5
22333,5
22003,5
22031,5
22032,5
22037,5
22040,5
22042,5
22043,5
22044,5
22046,5
22081,5
22082,5
22151,5
22159,5
22160,5
22161,5
22185,5
20120,4
20121,4
20122,4
20124,5
20151,4
20153,4
20108,4
20109,4
20110,4
20111,4
20113,4
20137,4
20143,4
20169,4
20187,4
20198,4
20105,4
20117,4
20147,4
20148,4
20152,4
20163,4
20164,4
20165,4
20166,4
20167,4
20170,4
20172,4
20195,4
22095,4
22408,5
22580,5
20171,4
20190,4
20191,4
20192,4
20194,4
20196,4
22066,4
22096,4
22027,5
22101,5
22102,5
22103,5
22106,5
22109,5
22119,5
22180,5
22181,5
22182,5
22183,5
22207,5
22213,5
22201,5
22203,5
22204,5
22205,5
22206,5
22209,5
22210,5
22212,5
22216,5
22217,5
22226,5
22230,5
22246,5
22202,5
22215,5
22225,5
22227,5
22240,5
22241,5
22242,5
22243,5
22244,5
22245,5
22301,5
22305,5
22313,5
22314,5
22320,5
22331,5
22332,5
22334,5
20735,5
20744,5
20745,5
20748,5
20772,5
20601,5
20602,5
20613,5
20623,5
20608,5
20617,5
20621,5
20622,5
20624,5
20637,5
20659,5
20611,5
20632,5
20646,5
20658,5
20662,5
20664,5
20675,5
20677,5
20693,5
20695,5
20639,5
20689,5
20711,5
20714,5
20732,5
20736,5
20751,5
20754,5
20758,5
20779,5
22407,5
22553,5
20615,5
20657,5
20676,5
20678,5
20685,5
20603,5
20607,5
20616,5
22401,5
22402,5
22404,5
22405,5
22412,5
22446,5
22471,5
22545,5
22565,5
22030,5
22033,4
22034,5
22035,4
22036,5
22038,5
22116,5
22118,5
22124,4
22554,5
22406,5
22556,5
22720,4
20112,5
22025,5
22026,5
22172,5
22191,5
22193,5
22485,5
22538,5
75001,5
75002,5
75006,5
75007,5
75009,5
75010,5
75011,5
75013,5
75014,5
75015,5
75016,5
75017,5
75019,5
75022,5
75023,5
75024,5
75025,5
75026,5
75027,5
75028,5
75029,5
75030,5
75032,5
75033,5
75034,5
75035,5
75036,5
75038,5
75039,5
75040,5
75041,5
75042,5
75043,5
75044,5
75045,5
75046,5
75047,5
75048,5
75049,5
75050,5
75051,5
75052,5
75053,5
75054,5
75056,5
75057,5
75058,5
75059,5
75060,5
75061,5
75062,5
75063,5
75064,5
75065,5
75067,5
75068,5
75069,5
75070,5
75071,5
75072,5
75074,5
75075,5
75077,5
75078,5
75080,5
75081,5
75082,5
75083,5
75085,5
75086,5
75087,5
75088,5
75089,5
75090,5
75092,5
75093,5
75094,5
75097,5
75098,5
75099,5
75101,5
75104,5
75105,5
75106,5
75114,5
75115,5
75116,5
75119,5
75121,5
75123,5
75125,5
75126,5
75132,5
75134,5
75135,5
75137,5
75138,5
75141,5
75142,5
75146,5
75149,5
75150,5
75152,5
75154,5
75155,5
75157,5
75158,5
75159,5
75160,5
75161,5
75164,5
75165,5
75166,5
75167,5
75169,5
75172,5
75173,5
75180,5
75181,5
75182,5
75185,5
75187,5
75189,5
75201,5
75202,5
75203,5
75204,5
75205,5
75206,5
75207,5
75208,5
75209,5
75210,5
75211,5
75212,5
75214,5
75215,5
75216,5
75217,5
75218,5
75219,5
75220,5
75221,5
75222,5
75223,5
75224,5
75225,5
75226,5
75227,5
75228,5
75229,5
75230,5
75231,5
75232,5
75233,5
75234,5
75235,5
75236,5
75237,5
75238,5
75239,5
75240,5
75241,5
75242,5
75243,5
75244,5
75245,5
75246,5
75247,5
75248,5
75249,5
75250,5
75251,5
75252,5
75253,5
75254,5
75260,5
75261,5
75262,5
75263,5
75264,5
75265,5
75266,5
75267,5
75270,5
75275,5
75277,5
75283,5
75284,5
75285,5
75286,5
75287,5
75301,5
75303,5
75312,5
75313,5
75315,5
75320,5
75326,5
75336,5
75339,5
75342,5
75354,5
75355,5
75356,5
75357,5
75358,5
75359,5
75360,5
75367,5
75368,5
75370,5
75371,5
75372,5
75373,5
75374,5
75376,5
75378,5
75379,5
75380,5
75381,5
75382,5
75389,5
75390,5
75391,5
75392,5
75393,5
75394,5
75395,5
75397,5
75398,5
75401,5
75402,5
75407,5
75409,5
75424,5
75442,5
75454,5
75474,5
75485,5
75495,5
76001,5
76002,5
76003,5
76004,5
76005,5
76006,5
76007,5
76008,5
76009,5
76010,5
76011,5
76012,5
76013,5
76014,5
76015,5
76016,5
76017,5
76018,5
76019,5
76020,5
76021,5
76022,5
76023,5
76028,5
76031,5
76033,5
76034,5
76035,5
76036,5
76039,5
76040,5
76041,5
76044,5
76049,5
76050,5
76051,5
76052,5
76053,5
76054,5
76055,5
76058,5
76059,5
76060,5
76061,5
76063,5
76064,5
76065,5
76071,5
76073,5
76078,5
76082,5
76084,5
76085,5
76086,5
76087,5
76092,5
76093,5
76094,5
76095,5
76096,5
76097,5
76098,5
76099,5
76101,5
76102,5
76103,5
76104,5
76105,5
76106,5
76107,5
76108,5
76109,5
76110,5
76111,5
76112,5
76113,5
76114,5
76115,5
76116,5
76117,5
76118,5
76119,5
76120,5
76121,5
76122,5
76123,5
76124,5
76126,5
76127,5
76129,5
76130,5
76131,5
76132,5
76133,5
76134,5
76135,5
76136,5
76137,5
76140,5
76147,5
76148,5
76150,5
76155,5
76161,5
76162,5
76163,5
76164,5
76166,5
76177,5
76178,5
76179,5
76180,5
76181,5
76182,5
76185,5
76190,5
76191,5
76192,5
76193,5
76195,5
76196,5
76197,5
76198,5
76199,5
76201,5
76202,5
76203,5
76204,5
76205,5
76206,5
76207,5
76208,5
76209,5
76210,5
76225,5
76226,5
76227,5
76233,5
76234,5
76240,5
76244,5
76247,5
76248,5
76249,5
76258,5
76259,5
76262,5
76266,5
76271,5
76272,5
76487,5
76627,5
76636,5
76651,5
76670,5
43460,3
43504,3
43528,3
43537,3
43542,3
43551,3
43560,3
43605,3
43606,3
43607,3
43608,3
43610,3
43611,3
43613,3
43614,3
43615,3
43616,3
43623,3
48012,3
48015,3
48017,3
48021,3
48025,3
48026,3
48030,3
48033,3
48034,3
48035,3
48036,3
48037,3
48038,3
48042,3
48043,3
48044,3
48045,3
48046,3
48047,3
48048,3
48050,3
48051,3
48066,3
48067,3
48068,3
48069,3
48070,3
48071,3
48072,3
48073,3
48075,3
48076,3
48080,3
48081,3
48082,3
48086,3
48088,3
48089,3
48090,3
48091,3
48092,3
48093,3
48096,3
48101,3
48103,3
48104,3
48105,3
48106,3
48107,3
48108,3
48109,3
48111,3
48112,3
48113,3
48115,3
48116,3
48117,3
48118,3
48120,3
48121,3
48122,3
48123,3
48124,3
48125,3
48126,3
48127,3
48128,3
48130,3
48131,3
48133,3
48134,3
48135,3
48136,3
48137,3
48138,3
48140,3
48141,3
48144,3
48145,3
48146,3
48150,3
48151,3
48152,3
48153,3
48154,3
48157,3
48158,3
48159,3
48160,3
48161,3
48162,3
48164,3
48165,3
48166,3
48167,3
48168,3
48169,3
48170,3
48173,3
48174,3
48175,3
48176,3
48177,3
48178,3
48179,3
48180,3
48182,3
48183,3
48184,3
48185,3
48186,3
48187,3
48188,3
48189,3
48190,3
48191,3
48192,3
48193,3
48195,3
48197,3
48198,3
48201,3
48202,3
48203,3
48204,3
48205,3
48206,3
48207,3
48208,3
48209,3
48210,3
48211,3
48212,3
48213,3
48214,3
48215,3
48216,3
48217,3
48218,3
48219,3
48220,3
48221,3
48223,3
48224,3
48225,3
48226,3
48227,3
48228,3
48229,3
48230,3
48231,3
48232,3
48233,3
48234,3
48235,3
48236,3
48237,3
48238,3
48239,3
48240,3
48242,3
48243,3
48244,3
48311,3
48312,3
48313,3
48331,3
48332,3
48333,3
48334,3
48335,3
48336,3
48376,3
48377,3
48397,3
49228,3
49236,3
49238,3
49265,3
49267,3
49268,3
49270,3
49276,3
49286,3
49287,3
79821,6
79835,6
79836,6
79838,6
79839,6
79849,6
79853,6
79901,6
79902,6
79903,6
79904,6
79905,6
79906,6
79907,6
79908,6
79911,6
79912,6
79915,6
79916,6
79920,6
79922,6
79924,6
79925,6
79927,6
79928,6
79930,6
79932,6
79934,6
79935,6
79936,6
79938,6
79968,6
88001,6
88003,6
88004,6
88005,6
88007,6
88008,6
88011,6
88012,6
88021,6
88024,6
88044,6
88047,6
88048,6
88063,6
88072,6
88081,6
07001,5
07002,5
07003,5
07004,5
07005,5
07006,5
07007,5
07008,5
07009,5
07010,5
07011,5
07012,5
07013,5
07014,5
07015,5
07016,5
07017,5
07018,5
07019,5
07020,5
07021,5
07022,5
07023,5
07024,5
07026,5
07027,5
07028,5
07029,5
07030,5
07031,5
07032,5
07033,5
07034,5
07035,5
07036,5
07039,5
07040,5
07041,5
07042,5
07043,5
07044,5
07045,5
07046,5
07047,5
07050,5
07051,5
07052,5
07054,5
07055,5
07057,5
07058,5
07059,5
07060,5
07061,5
07062,5
07063,5
07064,5
07065,5
07066,5
07067,5
07068,5
07069,5
07070,5
07071,5
07072,5
07073,5
07074,5
07075,5
07076,5
07077,5
07078,5
07079,5
07080,5
07081,5
07082,5
07083,5
07086,5
07087,5
07088,5
07090,5
07091,5
07092,5
07093,5
07094,5
07095,5
07096,5
07097,5
07099,5
07101,5
07102,5
07103,5
07104,5
07105,5
07106,5
07107,5
07108,5
07109,5
07110,5
07111,5
07112,5
07114,5
07175,5
07182,5
07184,5
07188,5
07189,5
07191,5
07192,5
07193,5
07194,5
07195,5
07198,5
07199,5
07201,5
07202,5
07203,5
07204,5
07205,5
07206,5
07207,5
07208,5
07302,5
07303,5
07304,5
07305,5
07306,5
07307,5
07308,5
07309,5
07310,5
07311,5
07395,5
07399,5
07401,5
07403,5
07405,5
07407,5
07410,5
07416,5
07417,5
07418,5
07419,5
07420,5
07421,5
07422,5
07423,5
07424,5
07430,5
07432,5
07435,5
07436,5
07438,5
07439,5
07440,5
07442,5
07444,5
07446,5
07450,5
07451,5
07452,5
07456,5
07457,5
07458,5
07460,5
07461,5
07462,5
07463,5
07465,5
07470,5
07474,5
07477,5
07480,5
07481,5
07495,5
07501,5
07502,5
07503,5
07504,5
07505,5
07506,5
07507,5
07508,5
07509,5
07510,5
07511,5
07512,5
07513,5
07514,5
07522,5
07524,5
07533,5
07538,5
07543,5
07544,5
07601,5
07602,5
07603,5
07604,5
07605,5
07606,5
07607,5
07608,5
07620,5
07621,5
07624,5
07626,5
07627,5
07628,5
07630,5
07631,5
07632,5
07640,5
07641,5
07642,5
07643,5
07644,5
07645,5
07646,5
07647,5
07648,5
07649,5
07650,5
07652,5
07653,5
07656,5
07657,5
07660,5
07661,5
07662,5
07663,5
07666,5
07670,5
07675,5
07676,5
07677,5
07699,5
07701,5
07702,5
07703,5
07704,5
07709,5
07711,5
07712,5
07716,5
07717,5
07718,5
07719,5
07720,5
07721,5
07723,5
07724,5
07730,5
07732,5
07733,5
07734,5
07735,5
07737,5
07738,5
07739,5
07740,5
07746,5
07747,5
07748,5
07750,5
07751,5
07752,5
07753,5
07754,5
07755,5
07756,5
07757,5
07758,5
07760,5
07762,5
07764,5
07765,5
07777,5
07799,5
07801,5
07802,5
07803,5
07822,5
07826,5
07827,5
07834,5
07836,5
07842,5
07843,5
07845,5
07847,5
07848,5
07849,5
07850,5
07852,5
07856,5
07857,5
07866,5
07869,5
07871,5
07876,5
07878,5
07885,5
07901,5
07902,5
07920,5
07921,5
07922,5
07924,5
07926,5
07927,5
07928,5
07930,5
07931,5
07932,5
07933,5
07934,5
07935,5
07936,5
07938,5
07939,5
07940,5
07945,5
07946,5
07950,5
07960,5
07961,5
07962,5
07963,5
07970,5
07974,5
07976,5
07977,5
07978,5
07979,5
07980,5
07981,5
07999,5
08502,5
08504,5
08512,5
08528,5
08536,5
08540,5
08541,5
08542,5
08543,5
08544,5
08553,5
08558,5
08701,5
08720,5
08723,5
08724,5
08730,5
08732,5
08736,5
08742,5
08750,5
08753,5
08754,5
08755,5
08756,5
08757,5
08805,5
08807,5
08810,5
08812,5
08816,5
08817,5
08818,5
08820,5
08821,5
08823,5
08824,5
08830,5
08832,5
08835,5
08836,5
08837,5
08840,5
08844,5
08846,5
08850,5
08852,5
08853,5
08854,5
08855,5
08857,5
08859,5
08861,5
08862,5
08863,5
08869,5
08871,5
08872,5
08873,5
08875,5
08876,5
08879,5
08880,5
08882,5
08884,5
08890,5
08899,5
08901,5
08902,5
08903,5
08904,5
08906,5
08933,5
08989,5
10901,5
10913,5
10916,5
10917,5
10918,5
10920,5
10921,5
10922,5
10923,5
10924,5
10925,5
10926,5
10927,5
10928,5
10930,5
10931,5
10950,5
10952,5
10954,5
10956,5
10958,5
10960,5
10962,5
10964,5
10965,5
10968,5
10969,5
10970,5
10973,5
10974,5
10976,5
10977,5
10980,5
10982,5
10983,5
10984,5
10986,5
10987,5
10988,5
10989,5
10990,5
10992,5
10993,5
10994,5
10996,5
10998,5
12518,5
12520,5
12553,5
12575,5
12577,5
48002,3
48003,3
48005,3
48006,3
48007,3
48009,3
48014,3
48022,3
48027,3
48040,3
48041,3
48049,3
48060,3
48062,3
48065,3
48074,3
48083,3
48084,3
48085,3
48094,3
48095,3
48098,3
48099,3
48114,3
48301,3
48302,3
48303,3
48304,3
48306,3
48307,3
48308,3
48309,3
48310,3
48314,3
48315,3
48316,3
48317,3
48318,3
48320,3
48321,3
48322,3
48323,3
48324,3
48325,3
48326,3
48327,3
48328,3
48329,3
48330,3
48340,3
48341,3
48342,3
48343,3
48346,3
48347,3
48348,3
48350,3
48353,3
48356,3
48357,3
48359,3
48360,3
48361,3
48362,3
48363,3
48366,3
48367,3
48370,3
48371,3
48380,3
48381,3
48382,3
48383,3
48386,3
48387,3
48390,3
48391,3
48393,3
48411,3
48412,3
48415,3
48417,3
48418,3
48420,3
48423,3
48428,3
48429,3
48430,3
48433,3
48436,3
48437,3
48438,3
48439,3
48440,3
48442,3
48444,3
48446,3
48449,3
48451,3
48455,3
48458,3
48462,3
48463,3
48473,3
48480,3
48501,3
48502,3
48503,3
48504,3
48505,3
48506,3
48507,3
48509,3
48519,3
48529,3
48531,3
48532,3
48550,3
48551,3
48552,3
48553,3
48554,3
48555,3
48556,3
48557,3
48601,3
48602,3
48603,3
48604,3
48605,3
48607,3
48609,3
48611,3
48623,3
48626,3
48631,3
48634,3
48638,3
48640,3
48642,3
48663,3
48667,3
48670,3
48674,3
48706,3
48708,3
48710,3
48722,3
48724,3
48732,3
48734,3
48747,3
48787,3
48816,3
48821,3
48823,3
48824,3
48825,3
48826,3
48837,3
48840,3
48842,3
48843,3
48855,3
48864,3
48901,3
48906,3
48909,3
48910,3
48911,3
48912,3
48913,3
48915,3
48916,3
48917,3
48918,3
48919,3
48922,3
48924,3
48929,3
48930,3
48933,3
48937,3
48951,3
48956,3
48980,3
49001,2
49002,2
49003,2
49004,2
49005,2
49006,2
49007,2
49008,2
49009,2
49012,2
49014,2
49015,2
49017,2
49019,2
49024,2
49034,2
49037,2
49041,2
49048,2
49053,2
49074,2
49077,2
49083,2
49301,2
49302,2
49315,2
49316,2
49321,2
49331,2
49355,2
49356,2
49357,2
49401,2
49403,2
49404,2
49409,2
49415,2
49417,2
49418,2
49422,2
49423,2
49424,2
49426,2
49427,2
49428,2
49429,2
49430,2
49434,2
49435,2
49440,2
49441,2
49442,2
49443,2
49444,2
49445,2
49448,2
49451,2
49456,2
49460,2
49464,2
49468,2
49501,2
49502,2
49503,2
49504,2
49505,2
49506,2
49507,2
49508,2
49509,2
49512,2
49519,2
49523,2
49525,2
49528,2
49534,2
49544,2
49546,2
49548,2
49555,2
96701,8
96706,8
96707,8
96708,8
96713,8
96717,8
96730,8
96731,8
96732,8
96734,8
96744,8
96753,8
96759,8
96761,8
96762,8
96768,8
96779,8
96782,8
96786,8
96789,8
96790,8
96792,8
96793,8
96795,8
96797,8
96801,8
96802,8
96803,8
96804,8
96805,8
96806,8
96807,8
96808,8
96809,8
96810,8
96811,8
96812,8
96813,8
96814,8
96815,8
96816,8
96817,8
96818,8
96819,8
96820,8
96821,8
96822,8
96823,8
96824,8
96825,8
96826,8
96827,8
96828,8
96830,8
96835,8
96836,8
96837,8
96838,8
96839,8
96840,8
96841,8
96843,8
96844,8
96846,8
96847,8
96848,8
96849,8
96850,8
96853,8
96854,8
96857,8
96858,8
96859,8
96860,8
96861,8
96863,8
96898,8
77001,5
77002,5
77003,5
77004,5
77005,5
77006,5
77007,5
77008,5
77009,5
77010,5
77011,5
77012,5
77013,5
77014,5
77015,5
77016,5
77017,5
77018,5
77019,5
77020,5
77021,5
77022,5
77023,5
77024,5
77025,5
77026,5
77027,5
77028,5
77029,5
77030,5
77031,5
77032,5
77033,5
77034,5
77035,5
77036,5
77037,5
77038,5
77039,5
77040,5
77041,5
77042,5
77043,5
77044,5
77045,5
77046,5
77047,5
77048,5
77049,5
77050,5
77051,5
77052,5
77053,5
77054,5
77055,5
77056,5
77057,5
77058,5
77059,5
77060,5
77061,5
77062,5
77063,5
77064,5
77065,5
77066,5
77067,5
77068,5
77069,5
77070,5
77071,5
77072,5
77073,5
77074,5
77075,5
77076,5
77077,5
77078,5
77079,5
77080,5
77081,5
77082,5
77083,5
77084,5
77085,5
77086,5
77087,5
77088,5
77089,5
77090,5
77091,5
77092,5
77093,5
77094,5
77095,5
77096,5
77098,5
77099,5
77201,5
77202,5
77203,5
77204,5
77205,5
77206,5
77207,5
77208,5
77209,5
77210,5
77212,5
77213,5
77215,5
77216,5
77217,5
77218,5
77219,5
77220,5
77221,5
77222,5
77223,5
77224,5
77225,5
77226,5
77227,5
77228,5
77229,5
77230,5
77231,5
77233,5
77234,5
77235,5
77236,5
77237,5
77238,5
77240,5
77241,5
77242,5
77243,5
77244,5
77245,5
77248,5
77249,5
77251,5
77252,5
77253,5
77254,5
77255,5
77256,5
77257,5
77258,5
77259,5
77261,5
77262,5
77263,5
77265,5
77266,5
77267,5
77268,5
77269,5
77270,5
77271,5
77272,5
77273,5
77274,5
77275,5
77277,5
77279,5
77280,5
77281,5
77282,5
77284,5
77287,5
77288,5
77289,5
77290,5
77291,5
77292,5
77293,5
77297,5
77298,5
77299,5
77301,5
77302,5
77303,5
77304,5
77305,5
77306,5
77316,5
77318,5
77327,5
77328,5
77336,5
77338,5
77339,5
77345,5
77346,5
77354,5
77355,5
77356,5
77357,5
77358,5
77362,5
77363,5
77365,5
77371,5
77372,5
77373,5
77375,5
77377,5
77378,5
77379,5
77380,5
77381,5
77382,5
77383,5
77384,5
77385,5
77386,5
77387,5
77388,5
77389,5
77391,5
77393,5
77396,5
77401,5
77406,5
77407,5
77417,5
77418,5
77420,5
77423,5
77429,5
77433,5
77441,5
77444,5
77446,5
77447,5
77449,5
77450,5
77459,5
77461,5
77464,5
77466,5
77469,5
77471,5
77473,5
77474,5
77476,5
77477,5
77478,5
77479,5
77481,5
77484,5
77485,5
77487,5
77489,5
77492,5
77493,5
77494,5
77496,5
77497,5
77498,5
77502,5
77503,5
77504,5
77505,5
77506,5
77507,5
77510,5
77511,5
77515,5
77517,5
77518,5
77520,5
77521,5
77523,5
77530,5
77531,5
77532,5
77533,5
77534,5
77535,5
77536,5
77539,5
77545,5
77546,5
77547,5
77550,5
77551,5
77552,5
77553,5
77554,5
77555,5
77562,5
77563,5
77565,5
77566,5
77568,5
77571,5
77573,5
77575,5
77577,5
77578,5
77581,5
77583,5
77584,5
77586,5
77587,5
77590,5
77591,5
77598,5
46001,3
46011,3
46012,3
46013,3
46016,3
46017,3
46030,3
46031,3
46032,3
46033,3
46034,3
46036,3
46037,3
46038,3
46040,3
46041,2
46044,3
46048,3
46050,3
46051,3
46052,3
46055,3
46056,3
46060,3
46062,3
46064,3
46065,2
46069,3
46071,2
46072,3
46074,3
46075,3
46077,3
46104,3
46105,3
46106,3
46107,3
46110,3
46112,3
46113,3
46115,3
46117,3
46118,3
46120,3
46121,3
46122,3
46123,3
46126,3
46128,3
46130,3
46131,3
46135,3
46140,3
46142,3
46143,3
46147,3
46148,3
46149,3
46151,3
46157,3
46158,3
46160,3
46161,3
46162,3
46163,3
46165,3
46166,3
46167,3
46168,3
46172,3
46173,3
46176,3
46180,3
46182,3
46184,3
46186,3
46201,3
46202,3
46203,3
46204,3
46205,3
46208,3
46214,3
46216,3
46217,3
46218,3
46219,3
46220,3
46221,3
46222,3
46224,3
46225,3
46226,3
46227,3
46228,3
46229,3
46231,3
46234,3
46235,3
46236,3
46237,3
46239,3
46240,3
46241,3
46250,3
46254,3
46256,3
46259,3
46260,3
46268,3
46278,3
46280,3
46282,3
46290,3
46901,2
46902,2
46919,2
46929,2
46936,2
46986,3
47272,3
47280,3
47302,3
47304,3
47305,3
47306,3
47334,3
47352,3
47356,3
47362,3
47384,3
47385,3
47387,3
47396,3
47408,3
47433,3
47448,3
47901,2
47904,2
47905,2
47909,2
47933,2
47940,2
47941,2
47954,3
47968,3
47981,2
32003,5
32009,5
32011,5
32065,5
32068,5
32073,5
32081,5
32082,5
32084,5
32092,5
32095,5
32097,5
32202,5
32204,5
32205,5
32206,5
32207,5
32208,5
32209,5
32210,5
32211,5
32212,5
32216,5
32217,5
32218,5
32219,5
32220,5
32221,5
32222,5
32223,5
32224,5
32225,5
32226,5
32227,5
32233,5
32234,5
32244,5
32246,5
32250,5
32254,5
32256,5
32257,5
32258,5
32259,5
32266,5
32277,5
10001,5
10002,5
10003,5
10004,5
10005,5
10006,5
10007,5
10008,5
10009,5
10010,5
10011,5
10012,5
10013,5
10014,5
10015,5
10016,5
10017,5
10018,5
10019,5
10020,5
10021,5
10022,5
10023,5
10024,5
10025,5
10026,5
10027,5
10028,5
10029,5
10030,5
10031,5
10032,5
10033,5
10034,5
10035,5
10036,5
10037,5
10038,5
10039,5
10040,5
10041,5
10043,5
10044,5
10045,5
10046,5
10047,5
10048,5
10055,5
10060,5
10065,5
10069,5
10072,5
10075,5
10079,5
10080,5
10081,5
10082,5
10087,5
10090,5
10094,5
10095,5
10096,5
10098,5
10099,5
10101,5
10102,5
10103,5
10104,5
10105,5
10106,5
10107,5
10108,5
10109,5
10110,5
10111,5
10112,5
10113,5
10114,5
10115,5
10116,5
10117,5
10118,5
10119,5
10120,5
10121,5
10122,5
10123,5
10124,5
10125,5
10126,5
10128,5
10129,5
10130,5
10131,5
10132,5
10133,5
10138,5
10149,5
10150,5
10151,5
10152,5
10153,5
10154,5
10155,5
10156,5
10157,5
10158,5
10159,5
10160,5
10161,5
10162,5
10163,5
10164,5
10165,5
10166,5
10167,5
10168,5
10169,5
10170,5
10171,5
10172,5
10173,5
10174,5
10175,5
10176,5
10177,5
10178,5
10179,5
10184,5
10185,5
10196,5
10197,5
10199,5
10200,5
10203,5
10211,5
10212,5
10213,5
10242,5
10249,5
10256,5
10257,5
10258,5
10259,5
10260,5
10261,5
10265,5
10268,5
10269,5
10270,5
10271,5
10272,5
10273,5
10274,5
10275,5
10276,5
10277,5
10278,5
10279,5
10280,5
10281,5
10282,5
10285,5
10286,5
10292,5
10301,5
10302,5
10303,5
10304,5
10305,5
10306,5
10307,5
10308,5
10309,5
10310,5
10311,5
10312,5
10313,5
10314,5
10451,5
10452,5
10453,5
10454,5
10455,5
10456,5
10457,5
10458,5
10459,5
10460,5
10461,5
10462,5
10463,5
10464,5
10465,5
10466,5
10467,5
10468,5
10469,5
10470,5
10471,5
10472,5
10473,5
10474,5
10475,5
10501,5
10502,5
10503,5
10504,5
10505,5
10506,5
10507,5
10510,5
10511,5
10514,5
10518,5
10520,5
10522,5
10523,5
10524,5
10526,5
10527,5
10528,5
10530,5
10532,5
10533,5
10536,5
10537,5
10538,5
10541,5
10543,5
10546,5
10547,5
10548,5
10549,5
10550,5
10551,5
10552,5
10553,5
10560,5
10562,5
10566,5
10567,5
10570,5
10573,5
10576,5
10577,5
10578,5
10579,5
10580,5
10583,5
10588,5
10589,5
10590,5
10591,5
10594,5
10595,5
10596,5
10597,5
10598,5
10601,5
10602,5
10603,5
10604,5
10605,5
10606,5
10607,5
10610,5
10701,5
10702,5
10703,5
10704,5
10705,5
10706,5
10707,5
10708,5
10709,5
10710,5
10801,5
10802,5
10803,5
10804,5
10805,5
11001,5
11002,5
11003,5
11004,5
11005,5
11010,5
11020,5
11021,5
11022,5
11023,5
11024,5
11025,5
11026,5
11027,5
11030,5
11040,5
11042,5
11050,5
11051,5
11052,5
11053,5
11054,5
11055,5
11096,5
11101,5
11102,5
11103,5
11104,5
11105,5
11106,5
11109,5
11120,5
11201,5
11202,5
11203,5
11204,5
11205,5
11206,5
11207,5
11208,5
11209,5
11210,5
11211,5
11212,5
11213,5
11214,5
11215,5
11216,5
11217,5
11218,5
11219,5
11220,5
11221,5
11222,5
11223,5
11224,5
11225,5
11226,5
11228,5
11229,5
11230,5
11231,5
11232,5
11233,5
11234,5
11235,5
11236,5
11237,5
11238,5
11239,5
11241,5
11242,5
11243,5
11245,5
11247,5
11249,5
11251,5
11252,5
11256,5
11351,5
11352,5
11354,5
11355,5
11356,5
11357,5
11358,5
11359,5
11360,5
11361,5
11362,5
11363,5
11364,5
11365,5
11366,5
11367,5
11368,5
11369,5
11370,5
11371,5
11372,5
11373,5
11374,5
11375,5
11377,5
11378,5
11379,5
11380,5
11381,5
11385,5
11386,5
11405,5
11411,5
11412,5
11413,5
11414,5
11415,5
11416,5
11417,5
11418,5
11419,5
11420,5
11421,5
11422,5
11423,5
11424,5
11425,5
11426,5
11427,5
11428,5
11429,5
11430,5
11431,5
11432,5
11433,5
11434,5
11435,5
11436,5
11439,5
11451,5
11499,5
11501,5
11507,5
11509,5
11510,5
11514,5
11516,5
11518,5
11520,5
11530,5
11531,5
11542,5
11545,5
11547,5
11548,5
11549,5
11550,5
11551,5
11552,5
11553,5
11554,5
11555,5
11556,5
11557,5
11558,5
11559,5
11560,5
11561,5
11563,5
11565,5
11566,5
11568,5
11569,5
11570,5
11571,5
11572,5
11575,5
11576,5
11577,5
11579,5
11580,5
11581,5
11582,5
11590,5
11594,5
11596,5
11598,5
11599,5
11691,5
11692,5
11693,5
11694,5
11697,5
11701,5
11702,5
11703,5
11704,5
11705,5
11706,5
11707,5
11709,5
11710,5
11713,5
11714,5
11715,5
11716,5
11717,5
11718,5
11719,5
11720,5
11721,5
11722,5
11724,5
11725,5
11726,5
11727,5
11729,5
11730,5
11731,5
11732,5
11733,5
11735,5
11737,5
11738,5
11739,5
11740,5
11741,5
11742,5
11743,5
11746,5
11747,5
11749,5
11751,5
11752,5
11753,5
11754,5
11755,5
11756,5
11757,5
11758,5
11760,5
11762,5
11763,5
11764,5
11765,5
11766,5
11767,5
11768,5
11769,5
11771,5
11772,5
11773,5
11775,5
11776,5
11777,5
11778,5
11779,5
11780,5
11782,5
11783,5
11784,5
11786,5
11787,5
11788,5
11789,5
11790,5
11791,5
11792,5
11793,5
11794,5
11795,5
11796,5
11797,5
11798,5
11801,5
11802,5
11803,5
11804,5
11815,5
11819,5
11853,5
11854,5
11855,5
11901,5
11930,5
11931,5
11932,5
11933,5
11934,5
11935,5
11937,5
11939,5
11940,5
11941,5
11942,5
11944,5
11946,5
11947,5
11948,5
11949,5
11950,5
11951,5
11952,5
11953,5
11954,5
11955,5
11956,5
11957,5
11958,5
11959,5
11960,5
11961,5
11962,5
11967,5
11968,5
11969,5
11970,5
11971,5
11972,5
11973,5
11975,5
11976,5
11977,5
11978,5
11980,5
89002,7
89005,7
89011,7
89012,7
89014,7
89015,7
89030,7
89031,7
89032,7
89033,7
89044,7
89052,7
89053,7
89054,7
89074,7
89077,7
89081,7
89084,7
89085,7
89086,7
89101,7
89102,7
89103,7
89104,7
89105,7
89106,7
89107,7
89108,7
89110,7
89113,7
89115,7
89117,7
89118,7
89119,7
89120,7
89121,7
89122,7
89123,7
89128,7
89129,7
89130,7
89131,7
89134,7
89135,7
89136,7
89138,7
89139,7
89140,7
89141,7
89142,7
89143,7
89144,7
89145,7
89146,7
89147,7
89148,7
89149,7
89156,7
89165,7
89166,7
89169,7
89178,7
89179,7
89183,7
90001,7
90002,7
90003,7
90004,7
90005,7
90006,7
90007,7
90008,7
90009,7
90010,7
90011,7
90012,7
90013,7
90014,7
90015,7
90016,7
90017,7
90018,7
90019,7
90020,7
90021,7
90022,7
90023,7
90024,7
90025,7
90026,7
90027,7
90028,7
90029,7
90030,7
90031,7
90032,7
90033,7
90034,7
90035,7
90036,7
90037,7
90038,7
90039,7
90040,7
90041,7
90042,7
90043,7
90044,7
90045,7
90046,7
90047,7
90048,7
90049,7
90050,7
90051,7
90052,7
90053,7
90054,7
90055,7
90056,7
90057,7
90058,7
90059,7
90060,7
90061,7
90062,7
90063,7
90064,7
90065,7
90066,7
90067,7
90068,7
90069,7
90070,7
90072,7
90073,7
90074,7
90075,7
90076,7
90077,7
90078,7
90079,7
90080,7
90081,7
90082,7
90083,7
90084,7
90086,7
90087,7
90088,7
90089,7
90090,7
90091,7
90093,7
90094,7
90095,7
90096,7
90099,7
90189,7
90201,7
90202,7
90209,7
90210,7
90211,7
90212,7
90213,7
90220,7
90221,7
90222,7
90223,7
90224,7
90230,7
90231,7
90232,7
90233,7
90239,7
90240,7
90241,7
90242,7
90245,7
90247,7
90248,7
90249,7
90250,7
90251,7
90254,7
90255,7
90260,7
90261,7
90262,7
90266,7
90267,7
90270,7
90272,7
90274,7
90275,7
90277,7
90278,7
90280,7
90291,7
90292,7
90293,7
90294,7
90295,7
90296,7
90301,7
90302,7
90303,7
90304,7
90305,7
90306,7
90307,7
90308,7
90309,7
90310,7
90311,7
90312,7
90401,7
90402,7
90403,7
90404,7
90405,7
90406,7
90407,7
90408,7
90409,7
90410,7
90411,7
90501,7
90502,7
90503,7
90504,7
90505,7
90506,7
90507,7
90508,7
90509,7
90510,7
90601,7
90602,7
90603,7
90604,7
90605,7
90606,7
90607,7
90608,7
90609,7
90610,7
90620,7
90621,7
90622,7
90623,7
90624,7
90630,7
90631,7
90632,7
90633,7
90637,7
90638,7
90639,7
90640,7
90650,7
90651,7
90652,7
90660,7
90661,7
90662,7
90670,7
90671,7
90680,7
90701,7
90702,7
90703,7
90706,7
90707,7
90710,7
90711,7
90712,7
90713,7
90714,7
90715,7
90716,7
90717,7
90720,7
90721,7
90723,7
90731,7
90732,7
90733,7
90734,7
90740,7
90742,7
90743,7
90744,7
90745,7
90746,7
90747,7
90748,7
90749,7
90755,7
90801,7
90802,7
90803,7
90804,7
90805,7
90806,7
90807,7
90808,7
90809,7
90810,7
90813,7
90814,7
90815,7
90822,7
90831,7
90832,7
90833,7
90834,7
90835,7
90840,7
90842,7
90844,7
90846,7
90847,7
90848,7
90853,7
90895,7
90899,7
91001,7
91003,7
91006,7
91007,7
91008,7
91009,7
91010,7
91011,7
91016,7
91017,7
91020,7
91021,7
91024,7
91025,7
91030,7
91031,7
91040,7
91041,7
91042,7
91043,7
91046,7
91066,7
91077,7
91101,7
91102,7
91103,7
91104,7
91105,7
91106,7
91107,7
91108,7
91109,7
91110,7
91114,7
91115,7
91116,7
91117,7
91118,7
91121,7
91123,7
91124,7
91125,7
91126,7
91129,7
91182,7
91184,7
91185,7
91188,7
91189,7
91199,7
91201,7
91202,7
91203,7
91204,7
91205,7
91206,7
91207,7
91208,7
91209,7
91214,7
91221,7
91222,7
91224,7
91225,7
91226,7
91301,7
91302,7
91303,7
91304,7
91305,7
91306,7
91307,7
91308,7
91309,7
91311,7
91313,7
91316,7
91319,7
91320,7
91321,7
91322,7
91324,7
91325,7
91326,7
91327,7
91328,7
91329,7
91330,7
91331,7
91333,7
91334,7
91335,7
91337,7
91340,7
91341,7
91342,7
91343,7
91344,7
91345,7
91346,7
91350,7
91351,7
91352,7
91353,7
91354,7
91355,7
91356,7
91357,7
91358,7
91359,7
91360,7
91361,7
91362,7
91364,7
91365,7
91367,7
91371,7
91372,7
91376,7
91377,7
91381,7
91384,7
91385,7
91386,7
91387,7
91390,7
91392,7
91393,7
91394,7
91395,7
91396,7
91401,7
91402,7
91403,7
91404,7
91405,7
91406,7
91407,7
91408,7
91409,7
91410,7
91411,7
91412,7
91413,7
91416,7
91423,7
91426,7
91436,7
91470,7
91482,7
91495,7
91496,7
91499,7
91501,7
91502,7
91503,7
91504,7
91505,7
91506,7
91507,7
91508,7
91510,7
91521,7
91522,7
91523,7
91526,7
91601,7
91602,7
91603,7
91604,7
91605,7
91606,7
91607,7
91608,7
91609,7
91610,7
91611,7
91612,7
91614,7
91615,7
91616,7
91617,7
91618,7
91701,7
91702,7
91706,7
91708,7
91709,7
91710,7
91711,7
91714,7
91715,7
91716,7
91722,7
91723,7
91724,7
91729,7
91730,7
91731,7
91732,7
91733,7
91734,7
91735,7
91737,7
91739,7
91740,7
91741,7
91743,7
91744,7
91745,7
91746,7
91747,7
91748,7
91749,7
91750,7
91752,7
91754,7
91755,7
91756,7
91758,7
91761,7
91762,7
91763,7
91764,7
91765,7
91766,7
91767,7
91768,7
91769,7
91770,7
91771,7
91772,7
91773,7
91775,7
91776,7
91778,7
91780,7
91784,7
91785,7
91786,7
91788,7
91789,7
91790,7
91791,7
91792,7
91793,7
91801,7
91802,7
91803,7
91804,7
91896,7
91899,7
92220,7
92223,7
92301,7
92307,7
92308,7
92311,7
92313,7
92316,7
92318,7
92320,7
92324,7
92331,7
92334,7
92335,7
92336,7
92337,7
92344,7
92345,7
92346,7
92350,7
92354,7
92357,7
92359,7
92369,7
92371,7
92373,7
92374,7
92375,7
92376,7
92377,7
92392,7
92394,7
92395,7
92399,7
92401,7
92402,7
92403,7
92404,7
92405,7
92406,7
92407,7
92408,7
92410,7
92411,7
92413,7
92415,7
92418,7
92423,7
92427,7
92501,7
92502,7
92503,7
92504,7
92505,7
92506,7
92507,7
92508,7
92509,7
92513,7
92514,7
92516,7
92517,7
92519,7
92521,7
92522,7
92530,7
92531,7
92532,7
92543,7
92544,7
92545,7
92548,7
92551,7
92552,7
92553,7
92554,7
92555,7
92556,7
92557,7
92562,7
92563,7
92564,7
92567,7
92570,7
92571,7
92572,7
92582,7
92583,7
92584,7
92585,7
92586,7
92587,7
92589,7
92590,7
92591,7
92592,7
92593,7
92595,7
92596,7
92599,7
92602,7
92603,7
92604,7
92605,7
92606,7
92607,7
92609,7
92610,7
92612,7
92614,7
92615,7
92616,7
92617,7
92618,7
92619,7
92620,7
92623,7
92624,7
92625,7
92626,7
92627,7
92628,7
92629,7
92630,7
92637,7
92646,7
92647,7
92648,7
92649,7
92650,7
92651,7
92652,7
92653,7
92654,7
92655,7
92656,7
92657,7
92658,7
92659,7
92660,7
92661,7
92662,7
92663,7
92673,7
92674,7
92675,7
92677,7
92678,7
92679,7
92683,7
92684,7
92685,7
92688,7
92690,7
92691,7
92692,7
92693,7
92694,7
92698,7
92701,7
92702,7
92703,7
92704,7
92705,7
92706,7
92707,7
92708,7
92711,7
92712,7
92728,7
92735,7
92780,7
92781,7
92782,7
92799,7
92801,7
92802,7
92803,7
92804,7
92805,7
92806,7
92807,7
92808,7
92809,7
92811,7
92812,7
92814,7
92815,7
92816,7
92817,7
92821,7
92822,7
92823,7
92825,7
92831,7
92832,7
92833,7
92834,7
92835,7
92836,7
92837,7
92838,7
92840,7
92841,7
92842,7
92843,7
92844,7
92845,7
92846,7
92850,7
92856,7
92857,7
92859,7
92860,7
92861,7
92862,7
92863,7
92864,7
92865,7
92866,7
92867,7
92868,7
92869,7
92870,7
92871,7
92877,7
92878,7
92879,7
92880,7
92881,7
92882,7
92883,7
92885,7
92886,7
92887,7
92899,7
93003,7
93004,7
93010,7
93012,7
93015,7
93021,7
93030,7
93033,7
93035,7
93036,7
93060,7
93063,7
93064,7
93065,7
93066,7
93510,7
93534,7
93535,7
93536,7
93543,7
93550,7
93551,7
93552,7
93560,7
72002,4
72007,4
72011,4
72012,4
72015,4
72018,4
72019,4
72022,4
72023,4
72032,4
72034,4
72035,4
72065,4
72076,4
72099,4
72103,4
72106,4
72113,4
72114,4
72115,4
72116,4
72117,4
72118,4
72119,4
72120,4
72124,4
72158,4
72183,4
72190,4
72199,4
72201,4
72202,4
72203,4
72204,4
72205,4
72206,4
72207,4
72209,4
72210,4
72211,4
72212,4
72214,4
72215,4
72216,4
72217,4
72219,4
72221,4
72222,4
72223,4
72225,4
72227,4
72231,4
72255,4
72260,4
72295,4
78014,6
78019,6
78040,6
78041,6
78042,6
78043,6
78044,6
78045,6
78046,6
78067,6
78076,6
78361,6
78369,6
78371,6
32159,5
32162,5
32163,5
32195,5
32701,5
32703,5
32707,5
32708,5
32709,6
32712,5
32713,5
32714,5
32720,5
32724,5
32725,5
32726,5
32730,5
32732,5
32735,5
32736,5
32738,5
32744,5
32746,5
32750,5
32751,5
32754,6
32757,5
32759,5
32763,5
32765,5
32766,6
32771,5
32773,5
32776,5
32778,5
32779,5
32780,6
32784,5
32789,5
32792,5
32796,6
32798,5
32801,6
32803,6
32804,5
32805,6
32806,6
32807,6
32808,5
32809,6
32810,5
32811,6
32812,6
32814,6
32817,6
32818,5
32819,6
32820,6
32821,6
32822,6
32824,6
32825,6
32826,6
32827,6
32828,6
32829,6
32830,6
32831,6
32832,6
32833,6
32835,6
32836,6
32837,6
32839,6
32922,6
32926,6
32927,6
32931,6
32934,6
32940,6
32952,6
32953,6
32955,6
33823,6
33836,6
33837,6
33838,6
33839,6
33843,6
33844,6
33850,6
33853,6
33859,6
33868,6
33880,6
33881,6
33884,6
33896,6
33897,6
33898,6
34420,5
34421,5
34470,5
34471,5
34472,5
34473,5
34474,5
34475,5
34476,5
34477,5
34478,5
34479,5
34480,5
34483,5
34484,5
34489,5
34491,5
34492,5
34705,5
34711,5
34714,6
34715,5
34731,5
34734,5
34736,5
34737,5
34741,6
34743,6
34744,6
34746,6
34747,6
34748,5
34753,5
34756,5
34758,6
34759,6
34760,5
34761,5
34769,6
34771,6
34772,6
34773,6
34786,6
34787,5
34788,5
34797,5
17003,5
17005,4
17007,4
17011,4
17013,4
17015,4
17016,5
17017,4
17018,4
17019,4
17020,4
17022,5
17023,4
17024,4
17025,4
17026,5
17027,4
17028,4
17030,4
17032,4
17033,5
17034,4
17036,4
17038,5
17040,4
17041,5
17042,5
17043,4
17045,4
17046,5
17048,4
17050,4
17053,4
17055,4
17057,5
17061,4
17062,4
17064,5
17065,4
17067,5
17068,4
17069,4
17070,4
17074,4
17077,5
17078,5
17081,4
17089,4
17090,4
17093,4
17094,4
17097,4
17098,4
17101,4
17102,4
17103,4
17104,4
17109,4
17110,4
17111,4
17112,4
17113,4
17120,4
17129,4
17140,4
17177,4
17201,4
17202,4
17235,4
17241,4
17254,4
17257,4
17266,4
17301,4
17303,4
17304,4
17306,4
17307,4
17311,5
17313,5
17315,4
17316,4
17317,5
17318,5
17319,4
17324,4
17325,4
17327,5
17329,5
17331,4
17339,4
17340,4
17342,5
17344,4
17345,5
17347,5
17349,5
17350,4
17355,5
17356,5
17360,5
17361,5
17362,4
17363,5
17364,4
17365,4
17366,5
17368,5
17370,5
17371,5
17372,4
17375,4
17401,5
17402,5
17403,5
17404,5
17406,5
17407,5
17408,4
17501,5
17502,5
17505,5
17512,5
17517,5
17520,5
17522,5
17538,5
17540,5
17543,5
17545,5
17547,5
17550,5
17551,5
17552,5
17554,5
17557,5
17570,5
17572,5
17578,5
17579,5
17582,5
17584,5
17601,5
17602,5
17603,5
17938,5
17957,5
17968,4
17978,4
17980,5
17983,5
78501,6
78503,6
78504,6
78516,6
78520,6
78521,6
78526,6
78537,6
78538,6
78539,6
78542,6
78543,6
78549,6
78550,6
78552,6
78557,6
78558,6
78559,6
78560,6
78561,6
78562,6
78565,6
78566,6
78569,6
78570,6
78572,6
78573,6
78574,6
78575,6
78576,6
78577,6
78578,6
78580,6
78586,6
78589,6
78590,6
78593,6
78594,6
78595,6
78596,6
78599,6
36003,5
36008,5
36013,5
36020,5
36022,5
36024,5
36025,5
36040,5
36043,5
36047,5
36052,5
36054,5
36057,5
36064,5
36066,5
36067,5
36068,5
36069,5
36075,5
36078,5
36080,5
36092,5
36093,5
36101,5
36102,5
36103,5
36104,5
36105,5
36106,5
36107,5
36108,5
36109,5
36110,5
36111,5
36112,5
36113,5
36114,5
36115,5
36116,5
36117,5
36118,5
36119,5
36120,5
36121,5
36123,5
36124,5
36125,5
36130,5
36131,5
36132,5
36135,5
36140,5
36141,5
36142,5
36177,5
36191,5
36752,5
33002,6
33004,6
33008,6
33009,6
33010,6
33011,6
33012,6
33013,6
33014,6
33015,6
33016,6
33017,6
33018,6
33019,6
33020,6
33021,6
33023,6
33024,6
33025,6
33026,6
33027,6
33028,6
33029,6
33030,6
33031,6
33032,6
33033,6
33034,6
33035,6
33039,6
33054,6
33055,6
33056,6
33084,6
33092,6
33102,6
33106,6
33112,6
33114,6
33116,6
33122,6
33124,6
33125,6
33126,6
33127,6
33128,6
33129,6
33130,6
33131,6
33132,6
33133,6
33134,6
33135,6
33136,6
33137,6
33138,6
33139,6
33140,6
33141,6
33142,6
33143,6
33144,6
33145,6
33146,6
33147,6
33149,6
33150,6
33151,6
33152,6
33153,6
33154,6
33155,6
33156,6
33157,6
33158,6
33160,6
33161,6
33162,6
33164,6
33165,6
33166,6
33167,6
33168,6
33169,6
33170,6
33172,6
33173,6
33174,6
33175,6
33176,6
33177,6
33178,6
33179,6
33180,6
33181,6
33182,6
33183,6
33184,6
33185,6
33186,6
33187,6
33188,6
33189,6
33190,6
33191,6
33192,6
33193,6
33194,6
33195,6
33196,6
33197,6
33198,6
33199,6
33206,6
33222,6
33231,6
33233,6
33234,6
33238,6
33242,6
33243,6
33245,6
33247,6
33255,6
33256,6
33261,6
33265,6
33266,6
33283,6
33296,6
33301,6
33302,6
33303,6
33304,6
33305,6
33306,6
33307,6
33308,6
33309,6
33310,6
33311,6
33312,6
33313,6
33314,6
33315,6
33316,6
33317,6
33318,6
33319,6
33320,6
33321,6
33322,6
33323,6
33324,6
33325,6
33326,6
33327,6
33328,6
33329,6
33330,6
33331,6
33332,6
33334,6
33335,6
33336,6
33337,6
33338,6
33339,6
33340,6
33345,6
33346,6
33348,6
33349,6
33351,6
33355,6
33359,6
33388,6
33394,6
53005,2
53007,2
53012,2
53017,2
53018,2
53022,2
53024,2
53029,2
53033,2
53037,2
53045,2
53046,2
53051,2
53058,2
53066,2
53069,2
53072,2
53074,2
53076,2
53080,2
53086,2
53089,2
53092,2
53097,2
53103,2
53108,2
53110,2
53122,2
53126,2
53129,2
53130,2
53132,2
53140,1
53142,1
53143,1
53144,1
53146,2
53149,2
53150,2
53151,2
53153,2
53154,2
53158,1
53167,2
53168,1
53170,1
53172,2
53177,1
53179,1
53182,1
53183,2
53185,2
53186,2
53188,2
53189,2
53202,2
53203,2
53204,2
53205,2
53206,2
53207,2
53208,2
53209,2
53210,2
53211,2
53212,2
53213,2
53214,2
53215,2
53216,2
53217,2
53218,2
53219,2
53220,2
53221,2
53222,2
53223,2
53224,2
53225,2
53226,2
53227,2
53228,2
53233,2
53235,2
53402,2
53403,1
53404,2
53405,2
53406,2
54001,4
54002,3
54003,3
54007,4
54009,4
54011,3
54014,3
54015,4
54016,4
54017,4
54020,4
54021,4
54022,4
54023,4
54025,4
54026,4
54028,3
54082,4
54723,3
55001,4
55003,4
55009,4
55011,4
55013,4
55014,4
55016,4
55020,4
55024,4
55025,4
55031,4
55033,4
55038,4
55042,4
55043,4
55044,4
55045,4
55047,4
55054,4
55055,4
55057,4
55065,4
55066,3
55068,4
55071,4
55073,4
55074,4
55075,4
55076,4
55077,4
55079,4
55082,4
55085,4
55088,4
55089,3
55090,4
55092,4
55101,4
55102,4
55103,4
55104,4
55105,4
55106,4
55107,4
55108,4
55109,4
55110,4
55111,4
55112,4
55113,4
55114,4
55115,4
55116,4
55117,4
55118,4
55119,4
55120,4
55121,4
55122,4
55123,4
55124,4
55125,4
55126,4
55127,4
55128,4
55129,4
55130,4
55150,4
55155,4
55301,4
55302,4
55303,4
55304,4
55305,4
55306,4
55307,4
55308,4
55309,4
55311,4
55313,4
55315,4
55316,4
55317,4
55318,4
55320,4
55321,4
55322,4
55327,4
55328,4
55330,4
55331,4
55336,4
55337,4
55338,4
55339,4
55340,4
55341,4
55343,4
55344,4
55345,4
55346,4
55347,4
55349,4
55352,4
55354,4
55356,4
55357,4
55358,4
55359,4
55360,4
55362,4
55363,4
55364,4
55367,4
55368,4
55369,4
55370,4
55372,4
55373,4
55374,4
55375,4
55376,4
55378,4
55379,4
55381,4
55384,4
55386,4
55387,4
55388,4
55390,4
55391,4
55395,4
55397,4
55401,4
55402,4
55403,4
55404,4
55405,4
55406,4
55407,4
55408,4
55409,4
55410,4
55411,4
55412,4
55413,4
55414,4
55415,4
55416,4
55417,4
55418,4
55419,4
55420,4
55421,4
55422,4
55423,4
55424,4
55425,4
55426,4
55427,4
55428,4
55429,4
55430,4
55431,4
55432,4
55433,4
55434,4
55435,4
55436,4
55437,4
55438,4
55439,4
55441,4
55442,4
55443,4
55444,4
55445,4
55446,4
55447,4
55448,4
55449,4
55450,4
55454,4
55455,4
56011,4
56044,4
56071,4
73003,5
73004,5
73007,5
73008,5
73010,5
73012,5
73013,5
73018,5
73019,5
73020,5
73025,5
73026,5
73034,5
73045,5
73049,5
73051,5
73054,5
73059,5
73064,5
73065,5
73068,5
73069,5
73071,5
73072,5
73078,5
73079,5
73080,5
73084,5
73089,5
73090,5
73093,5
73099,5
73102,5
73103,5
73104,5
73105,5
73106,5
73107,5
73108,5
73109,5
73110,5
73111,5
73112,5
73114,5
73115,5
73116,5
73117,5
73118,5
73119,5
73120,5
73121,5
73122,5
73127,5
73128,5
73129,5
73130,5
73131,5
73132,5
73134,5
73135,5
73139,5
73141,5
73142,5
73145,5
73149,5
73150,5
73151,5
73159,5
73160,5
73162,5
73165,5
73169,5
73170,5
73173,5
73179,5
74801,5
74857,5
60002,1
60004,1
60005,1
60006,1
60007,1
60008,1
60009,1
60010,1
60012,1
60013,1
60014,1
60015,1
60016,1
60017,1
60018,1
60019,1
60020,1
60021,1
60022,1
60025,1
60026,1
60029,1
60030,1
60031,1
60033,1
60034,1
60035,1
60037,1
60038,1
60040,1
60041,1
60042,1
60043,1
60044,1
60045,1
60046,1
60047,1
60048,1
60050,1
60051,1
60053,1
60055,1
60056,1
60060,1
60061,1
60062,1
60065,1
60067,1
60068,1
60069,1
60070,1
60071,1
60072,1
60073,1
60074,1
60075,1
60076,1
60077,1
60078,1
60079,1
60081,1
60082,1
60083,1
60084,1
60085,1
60086,1
60087,1
60089,1
60090,1
60091,1
60093,1
60094,1
60095,1
60096,1
60097,1
60098,1
60099,1
60101,1
60102,1
60103,1
60104,1
60105,1
60106,1
60107,1
60108,1
60110,1
60112,1
60115,1
60116,1
60117,1
60118,1
60119,1
60120,1
60121,1
60122,1
60123,1
60124,1
60126,1
60128,1
60130,1
60131,1
60132,1
60133,1
60134,1
60135,1
60136,1
60137,1
60138,1
60139,1
60140,1
60141,1
60142,1
60143,1
60145,1
60146,1
60148,1
60150,1
60151,1
60152,1
60153,1
60154,1
60155,1
60156,1
60157,1
60159,1
60160,1
60161,1
60162,1
60163,1
60164,1
60165,1
60168,1
60169,1
60171,1
60172,1
60173,1
60174,1
60175,1
60176,1
60177,1
60178,1
60179,1
60180,1
60181,1
60184,1
60185,1
60186,1
60187,1
60188,1
60189,1
60190,1
60191,1
60192,1
60193,1
60194,1
60195,1
60196,1
60197,1
60199,1
60201,1
60202,1
60203,1
60204,1
60208,1
60301,1
60302,1
60303,1
60304,1
60305,1
60399,1
60401,1
60402,1
60403,1
60404,1
60406,1
60409,1
60410,1
60411,1
60412,1
60415,1
60417,1
60418,1
60419,1
60421,1
60422,1
60423,1
60425,1
60426,1
60428,1
60429,1
60430,1
60431,1
60432,1
60433,1
60434,1
60435,1
60436,1
60438,1
60439,1
60440,1
60441,1
60442,1
60443,1
60445,1
60446,1
60447,1
60448,1
60449,1
60450,1
60451,1
60452,1
60453,1
60454,1
60455,1
60456,1
60457,1
60458,1
60459,1
60461,1
60462,1
60463,1
60464,1
60465,1
60466,1
60467,1
60468,1
60469,1
60471,1
60472,1
60473,1
60475,1
60476,1
60477,1
60478,1
60480,1
60481,1
60482,1
60484,1
60487,1
60490,1
60491,1
60499,1
60501,1
60502,1
60503,1
60504,1
60505,1
60506,1
60507,1
60510,1
60511,1
60512,1
60513,1
60514,1
60515,1
60516,1
60517,1
60519,1
60520,1
60521,1
60522,1
60523,1
60525,1
60526,1
60527,1
60531,1
60532,1
60534,1
60537,1
60538,1
60539,1
60540,1
60541,1
60542,1
60543,1
60544,1
60545,1
60546,1
60548,1
60550,1
60551,1
60552,1
60554,1
60555,1
60556,1
60558,1
60559,1
60560,1
60561,1
60563,1
60564,1
60565,1
60566,1
60567,1
60568,1
60569,1
60572,1
60585,1
60586,1
60598,1
60599,1
60601,1
60602,1
60603,1
60604,1
60605,1
60606,1
60607,1
60608,1
60609,1
60610,1
60611,1
60612,1
60613,1
60614,1
60615,1
60616,1
60617,1
60618,1
60619,1
60620,1
60621,1
60622,1
60623,1
60624,1
60625,1
60626,1
60628,1
60629,1
60630,1
60631,1
60632,1
60633,1
60634,1
60636,1
60637,1
60638,1
60639,1
60640,1
60641,1
60642,1
60643,1
60644,1
60645,1
60646,1
60647,1
60649,1
60651,1
60652,1
60653,1
60654,1
60655,1
60656,1
60657,1
60659,1
60660,1
60661,1
60664,1
60666,1
60668,1
60669,1
60670,1
60673,1
60674,1
60675,1
60677,1
60678,1
60680,1
60681,1
60682,1
60684,1
60685,1
60686,1
60687,1
60688,1
60689,1
60690,1
60691,1
60693,1
60694,1
60695,1
60696,1
60697,1
60699,1
60701,1
60706,1
60707,1
60712,1
60714,1
60803,1
60804,1
60805,1
60827,1
61008,1
61012,1
61038,1
61065,1
01331,5
01364,5
01368,5
01436,5
01475,5
01614,5
01532,5
01545,5
01581,5
01546,5
01613,5
01451,5
01467,5
01503,5
01719,5
01740,5
01749,5
01775,5
01718,5
01720,5
01742,5
01754,5
01773,5
01776,5
01778,5
02493,5
01721,5
01745,5
01748,5
01772,5
01568,5
01746,5
01747,5
01757,5
02053,5
01525,5
01529,5
01534,5
01538,5
01569,5
01588,5
01756,5
01516,5
01519,5
01526,5
01527,5
01536,5
01560,5
01586,5
01590,5
01752,5
01701,5
01702,5
01703,5
01704,5
01705,5
01504,5
02019,5
02038,5
02070,5
02093,5
01005,5
01031,5
01037,5
01068,5
01074,5
01094,5
01355,5
01366,5
01531,5
01602,5
01603,5
01605,5
01606,5
01608,5
01609,5
01655,5
01615,5
01653,5
01770,5
02030,5
02032,5
02052,5
02054,5
02056,5
02071,5
02081,5
02457,5
02464,5
02481,5
02482,5
02492,5
02494,5
03801,5
03802,5
03803,5
03804,5
03820,5
03821,5
03822,5
03839,5
03854,5
03866,5
03867,5
03868,5
03878,5
01810,5
01812,5
01845,5
01876,5
03833,5
03840,5
03842,5
03843,5
03844,5
03856,5
03857,5
03862,5
03870,5
03871,5
03885,5
01860,5
01913,5
01922,5
01950,5
01951,5
01952,5
01985,5
03827,5
03874,5
01460,5
01741,5
01821,5
01822,5
01824,5
01862,5
01863,5
01865,5
01866,5
01886,5
03036,5
03042,5
03044,5
03077,5
03819,5
03826,5
03873,5
01826,5
01850,5
03076,5
01844,5
03079,5
01054,5
01072,5
01342,5
01347,5
01349,5
01351,5
01373,5
01375,5
01376,5
01379,5
01380,5
03031,5
03052,5
03054,5
03057,5
01452,5
01517,5
01520,5
01522,5
01541,5
01543,5
01612,5
01430,5
01440,5
01468,5
03106,5
03229,5
03275,5
03301,5
03302,5
03304,5
03305,5
01827,5
01879,5
03051,5
03060,5
03105,5
03061,5
03062,5
03063,5
03064,5
01420,5
01431,5
01441,5
01453,5
01473,5
03032,5
03101,5
03103,5
03108,5
03109,5
03110,5
03111,5
03038,5
03053,5
03087,5
03841,5
01830,5
01831,5
01832,5
03811,5
03848,5
03858,5
03865,5
01301,5
01337,5
01344,5
01354,5
01360,5
01378,5
01840,5
01841,5
01842,5
01843,5
01899,5
01463,5
01469,5
01474,5
03033,5
03048,5
03049,5
03055,5
03086,5
01505,5
01510,5
01523,5
01561,5
01564,5
01583,5
01524,5
01542,5
01611,5
01501,5
01537,5
01540,5
01570,5
01432,5
01434,5
01450,5
01462,5
01464,5
01470,5
01471,5
01472,5
03045,5
03102,5
03104,5
01604,5
01607,5
01610,5
03071,5
03084,5
03452,5
03458,5
03461,5
03441,5
03446,5
03447,5
03465,5
03469,5
03470,5
03431,5
03435,5
03444,5
03450,5
03455,5
03443,5
03462,5
03466,5
03467,5
05346,5
03451,5
05301,5
05302,5
05303,5
05304,5
05354,5
33060,6
33061,6
33062,6
33063,6
33064,6
33065,6
33066,6
33067,6
33068,6
33069,6
33071,6
33073,6
33075,6
33076,6
33077,6
33093,6
33097,6
33401,6
33403,6
33404,6
33405,6
33406,6
33407,6
33408,6
33409,6
33410,6
33411,6
33412,6
33413,6
33414,6
33415,6
33417,6
33418,6
33422,6
33425,6
33426,6
33428,6
33431,6
33432,6
33433,6
33434,6
33435,6
33436,6
33437,6
33441,6
33442,6
33444,6
33445,6
33446,6
33448,6
33449,6
33454,6
33455,6
33458,6
33460,6
33461,6
33462,6
33463,6
33466,6
33467,6
33469,6
33470,6
33472,6
33473,6
33477,6
33478,6
33480,6
33482,6
33483,6
33484,6
33486,6
33487,6
33488,6
33496,6
33498,6
34946,6
34947,6
34949,6
34950,6
34951,6
34952,6
34953,6
34957,6
34958,6
34981,6
34982,6
34983,6
34984,6
34985,6
34986,6
34990,6
34991,6
34992,6
34994,6
34995,6
34996,6
34997,6
97003,7
97005,7
97006,7
97007,7
97008,7
97009,7
97015,7
97020,7
97024,7
97027,7
97030,7
97034,7
97035,7
97045,7
97060,7
97062,7
97068,7
97070,7
97078,7
97080,7
97086,7
97089,7
97113,7
97123,7
97124,7
97132,7
97140,7
97201,7
97202,7
97203,7
97204,7
97205,7
97206,7
97209,7
97210,7
97211,7
97212,7
97213,7
97214,7
97215,7
97216,7
97217,7
97218,7
97219,7
97220,7
97221,7
97222,7
97223,7
97224,7
97225,7
97227,7
97229,7
97230,7
97231,7
97232,7
97233,7
97236,7
97239,7
97258,7
97266,7
97267,7
98604,7
98606,7
98607,7
98642,7
98660,7
98661,7
98662,7
98663,7
98664,7
98665,7
98682,7
98683,7
98684,7
98685,7
98686,7
08001,5
08002,5
08003,5
08004,5
08005,5
08007,5
08009,5
08010,5
08012,5
08014,5
08015,5
08016,5
08019,5
08020,5
08021,5
08022,5
08025,5
08026,5
08027,5
08028,5
08029,5
08030,5
08031,5
08032,5
08033,5
08034,5
08035,5
08036,5
08037,5
08039,5
08041,5
08043,5
08045,5
08046,5
08048,5
08049,5
08050,5
08051,5
08052,5
08053,5
08054,5
08055,5
08056,5
08057,5
08059,5
08060,5
08061,5
08062,5
08063,5
08065,5
08066,5
08067,5
08068,5
08069,5
08070,5
08071,5
08073,5
08074,5
08075,5
08076,5
08077,5
08078,5
08079,5
08080,5
08081,5
08083,5
08084,5
08085,5
08086,5
08087,5
08088,5
08089,5
08090,5
08091,5
08092,5
08093,5
08094,5
08096,5
08097,5
08098,5
08099,5
08101,5
08102,5
08103,5
08104,5
08105,5
08106,5
08107,5
08108,5
08109,5
08110,5
08201,5
08205,5
08213,5
08215,5
08221,5
08223,5
08225,5
08226,5
08232,5
08234,5
08240,5
08241,5
08244,5
08302,5
08310,5
08311,5
08312,5
08314,5
08317,5
08318,5
08319,5
08320,5
08322,5
08323,5
08326,5
08327,5
08328,5
08330,5
08332,5
08340,5
08341,5
08343,5
08344,5
08345,5
08349,5
08350,5
08360,5
08361,5
08362,5
08401,5
08402,5
08403,5
08406,5
08501,5
08505,5
08511,5
08514,5
08515,5
08518,5
08527,5
08533,5
08554,5
08561,5
08562,5
08601,5
08602,5
08603,5
08604,5
08605,5
08606,5
08607,5
08608,5
08609,5
08610,5
08611,5
08618,5
08619,5
08620,5
08625,5
08628,5
08629,5
08638,5
08645,5
08646,5
08647,5
08648,5
08650,5
08666,5
08690,5
08691,5
08695,5
08721,5
08722,5
08731,5
08733,5
08741,5
08758,5
08759,5
17509,5
17527,5
17535,5
18011,5
18041,5
18049,5
18054,5
18056,5
18062,5
18070,5
18073,5
18074,5
18076,5
18092,5
18901,5
18902,5
18912,5
18913,5
18914,5
18915,5
18917,5
18920,5
18921,5
18923,5
18925,5
18927,5
18929,5
18930,5
18932,5
18935,5
18936,5
18938,5
18940,5
18942,5
18944,5
18946,5
18947,5
18950,5
18951,5
18954,5
18955,5
18960,5
18962,5
18964,5
18966,5
18969,5
18970,5
18972,5
18974,5
18976,5
18977,5
18980,5
19001,5
19002,5
19003,5
19004,5
19006,5
19007,5
19008,5
19009,5
19010,5
19012,5
19013,5
19014,5
19015,5
19016,5
19017,5
19018,5
19019,5
19020,5
19021,5
19022,5
19023,5
19025,5
19026,5
19027,5
19029,5
19030,5
19031,5
19032,5
19033,5
19034,5
19035,5
19036,5
19038,5
19040,5
19041,5
19043,5
19044,5
19046,5
19047,5
19050,5
19052,5
19053,5
19054,5
19055,5
19056,5
19057,5
19058,5
19060,5
19061,5
19063,5
19064,5
19066,5
19067,5
19070,5
19072,5
19073,5
19074,5
19075,5
19076,5
19078,5
19079,5
19081,5
19082,5
19083,5
19085,5
19086,5
19087,5
19090,5
19092,5
19093,5
19094,5
19095,5
19096,5
19098,5
19099,5
19101,5
19102,5
19103,5
19104,5
19105,5
19106,5
19107,5
19108,5
19109,5
19110,5
19111,5
19112,5
19113,5
19114,5
19115,5
19116,5
19118,5
19119,5
19120,5
19121,5
19122,5
19123,5
19124,5
19125,5
19126,5
19127,5
19128,5
19129,5
19130,5
19131,5
19132,5
19133,5
19134,5
19135,5
19136,5
19137,5
19138,5
19139,5
19140,5
19141,5
19142,5
19143,5
19144,5
19145,5
19146,5
19147,5
19148,5
19149,5
19150,5
19151,5
19152,5
19153,5
19154,5
19155,5
19160,5
19161,5
19162,5
19170,5
19171,5
19172,5
19173,5
19175,5
19176,5
19177,5
19178,5
19179,5
19181,5
19182,5
19183,5
19184,5
19185,5
19187,5
19188,5
19190,5
19191,5
19192,5
19193,5
19194,5
19195,5
19196,5
19197,5
19244,5
19255,5
19301,5
19310,5
19311,5
19312,5
19317,5
19319,5
19320,5
19330,5
19333,5
19335,5
19341,5
19342,5
19343,5
19344,5
19345,5
19348,5
19350,5
19352,5
19355,5
19363,5
19365,5
19372,5
19373,5
19374,5
19380,5
19382,5
19383,5
19390,5
19401,5
19403,5
19405,5
19406,5
19422,5
19425,5
19426,5
19428,5
19435,5
19436,5
19437,5
19438,5
19440,5
19444,5
19446,5
19453,5
19454,5
19457,5
19460,5
19462,5
19464,5
19465,5
19468,5
19472,5
19473,5
19474,5
19475,5
19477,5
19490,5
19492,5
19503,5
19504,5
19505,5
19508,5
19512,5
19518,5
19520,5
19523,5
19525,5
19539,5
19543,5
19545,5
19547,5
19701,5
19702,5
19703,5
19706,5
19707,5
19709,5
19711,5
19713,5
19717,5
19720,5
19730,5
19734,5
19801,5
19802,5
19803,5
19804,5
19805,5
19806,5
19807,5
19808,5
19809,5
19810,5
19850,5
19880,5
19884,5
19885,5
19886,5
19890,5
19891,5
19892,5
19893,5
19894,5
19895,5
19896,5
19897,5
19898,5
19899,5
21901,5
21915,5
21920,5
21921,5
85005,7
85008,7
85009,7
85010,7
85011,7
85012,7
85013,7
85014,7
85015,7
85016,7
85017,7
85018,7
85019,7
85020,7
85021,7
85022,7
85023,7
85024,7
85026,7
85027,7
85028,7
85029,7
85031,7
85032,7
85033,7
85034,7
85035,7
85036,7
85037,7
85038,7
85039,7
85040,7
85041,7
85042,7
85043,7
85044,7
85045,7
85046,7
85048,7
85050,7
85051,7
85053,7
85054,7
85060,7
85061,7
85062,7
85063,7
85064,7
85066,7
85067,7
85068,7
85069,7
85070,7
85071,7
85072,7
85076,7
85078,7
85079,7
85080,7
85082,7
85083,7
85119,7
85120,7
85140,7
85142,7
85143,7
85201,7
85202,7
85203,7
85204,7
85205,7
85206,7
85207,7
85208,7
85209,7
85210,7
85211,7
85212,7
85213,7
85214,7
85216,7
85224,7
85225,7
85226,7
85233,7
85234,7
85236,7
85244,7
85246,7
85248,7
85249,7
85250,7
85251,7
85252,7
85253,7
85254,7
85255,7
85257,7
85258,7
85259,7
85260,7
85261,7
85266,7
85267,7
85268,7
85271,7
85274,7
85275,7
85277,7
85280,7
85281,7
85282,7
85283,7
85284,7
85285,7
85286,7
85287,7
85295,7
85296,7
85297,7
85298,7
85299,7
85301,7
85302,7
85303,7
85304,7
85305,7
85306,7
85307,7
85308,7
85310,7
85311,7
85312,7
85318,7
85323,7
85329,7
85335,7
85338,7
85340,7
85345,7
85351,7
85353,7
85355,7
85363,7
85372,7
85373,7
85374,7
85375,7
85376,7
85378,7
85379,7
85380,7
85381,7
85382,7
85385,7
85388,7
85392,7
85395,7
33471,6
33901,6
33903,6
33904,6
33905,6
33907,6
33908,6
33909,6
33912,6
33913,6
33914,6
33916,6
33917,6
33919,6
33920,6
33921,6
33922,6
33928,6
33930,6
33931,6
33935,6
33936,6
33946,6
33947,6
33948,6
33950,6
33952,6
33953,6
33954,6
33955,6
33956,6
33957,6
33960,6
33965,6
33966,6
33967,6
33971,6
33972,6
33973,6
33974,6
33976,6
33980,6
33981,6
33982,6
33983,6
33990,6
33991,6
33993,6
34102,6
34103,6
34104,6
34105,6
34108,6
34109,6
34110,6
34112,6
34113,6
34114,6
34116,6
34117,6
34119,6
34120,6
34134,6
34135,6
34142,6
34223,6
34224,6
34266,6
34269,6
34285,6
34286,6
34287,6
34288,6
34289,6
34291,6
34292,6
34293,6
95202,7
95203,7
95204,7
95205,7
95206,7
95207,7
95209,7
95210,7
95211,7
95212,7
95215,7
95219,7
95220,7
95231,7
95236,7
95237,7
95240,7
95242,7
95253,7
95258,7
95320,7
95330,7
95336,7
95337,7
95602,7
95603,7
95605,7
95608,7
95610,7
95616,7
95618,7
95621,7
95624,7
95626,7
95628,7
95630,7
95632,7
95638,7
95648,7
95650,7
95652,7
95655,7
95658,7
95660,7
95661,7
95662,7
95663,7
95667,7
95670,7
95673,7
95677,7
95678,7
95682,7
95691,7
95693,7
95695,7
95703,7
95722,7
95742,7
95746,7
95747,7
95757,7
95758,7
95762,7
95765,7
95776,7
95811,7
95814,7
95815,7
95816,7
95817,7
95818,7
95819,7
95820,7
95821,7
95822,7
95823,7
95824,7
95825,7
95826,7
95827,7
95828,7
95829,7
95831,7
95832,7
95833,7
95834,7
95835,7
95838,7
95841,7
95842,7
95843,7
95864,7
95901,7
95961,7
95991,7
95993,7
91902,7
91908,7
91909,7
91910,7
91911,7
91912,7
91913,7
91914,7
91915,7
91921,7
91932,7
91933,7
91941,7
91942,7
91943,7
91944,7
91945,7
91946,7
91950,7
91951,7
91976,7
91977,7
91978,7
91979,7
92003,7
92007,7
92008,7
92009,7
92010,7
92011,7
92013,7
92014,7
92018,7
92019,7
92020,7
92021,7
92022,7
92023,7
92024,7
92025,7
92026,7
92027,7
92028,7
92029,7
92030,7
92033,7
92037,7
92038,7
92039,7
92040,7
92046,7
92049,7
92051,7
92052,7
92054,7
92056,7
92057,7
92064,7
92065,7
92067,7
92068,7
92069,7
92071,7
92072,7
92074,7
92075,7
92078,7
92079,7
92081,7
92083,7
92084,7
92085,7
92091,7
92092,7
92093,7
92096,7
92101,7
92102,7
92103,7
92104,7
92105,7
92106,7
92107,7
92108,7
92109,7
92110,7
92111,7
92112,7
92113,7
92114,7
92115,7
92116,7
92117,7
92118,7
92119,7
92120,7
92121,7
92122,7
92123,7
92124,7
92126,7
92127,7
92128,7
92129,7
92130,7
92131,7
92132,7
92135,7
92137,7
92138,7
92139,7
92142,7
92143,7
92145,7
92147,7
92149,7
92150,7
92152,7
92153,7
92154,7
92159,7
92160,7
92161,7
92163,7
92165,7
92166,7
92167,7
92168,7
92169,7
92170,7
92171,7
92172,7
92173,7
92174,7
92175,7
92176,7
92177,7
92178,7
92182,7
92186,7
92187,7
92190,7
92191,7
92192,7
92193,7
92195,7
92196,7
92197,7
92198,7
92199,7
78002,6
78003,6
78006,6
78009,6
78010,6
78013,6
78015,6
78023,6
78039,6
78052,6
78059,6
78064,6
78066,6
78069,6
78073,6
78074,6
78101,6
78108,6
78109,6
78112,6
78114,6
78123,6
78124,6
78130,6
78132,6
78133,6
78135,6
78148,6
78150,6
78152,6
78154,6
78155,6
78160,6
78163,6
78201,6
78202,6
78203,6
78204,6
78205,6
78207,6
78208,6
78209,6
78210,6
78211,6
78212,6
78213,6
78214,6
78215,6
78216,6
78217,6
78218,6
78219,6
78220,6
78221,6
78222,6
78223,6
78224,6
78225,6
78226,6
78227,6
78228,6
78229,6
78230,6
78231,6
78232,6
78233,6
78234,6
78235,6
78236,6
78237,6
78238,6
78239,6
78240,6
78242,6
78243,6
78244,6
78245,6
78246,6
78247,6
78248,6
78249,6
78250,6
78251,6
78252,6
78253,6
78254,6
78255,6
78256,6
78257,6
78258,6
78259,6
78260,6
78261,6
78262,6
78263,6
78264,6
78266,6
78268,6
78269,6
78279,6
78283,6
78288,6
78291,6
98001,7
98002,7
98003,7
98004,7
98005,7
98006,7
98007,7
98008,7
98010,7
98011,7
98012,7
98020,7
98021,7
98023,7
98026,7
98027,7
98028,7
98029,7
98030,7
98031,7
98032,7
98033,7
98034,7
98036,7
98037,7
98038,7
98039,7
98040,7
98042,7
98043,7
98047,7
98050,7
98052,7
98053,7
98055,7
98056,7
98057,7
98058,7
98059,7
98072,7
98074,7
98075,7
98077,7
98087,7
98092,7
98101,7
98102,7
98103,7
98104,7
98105,7
98106,7
98107,7
98108,7
98109,7
98112,7
98115,7
98116,7
98117,7
98118,7
98119,7
98121,7
98122,7
98125,7
98126,7
98133,7
98134,7
98136,7
98144,7
98146,7
98148,7
98155,7
98158,7
98164,7
98166,7
98168,7
98177,7
98178,7
98188,7
98195,7
98198,7
98199,7
98201,7
98203,7
98204,7
98208,7
98258,7
98272,7
98275,7
98290,7
98296,7
98354,7
98371,7
98372,7
98390,7
98391,7
98402,7
98403,7
98404,7
98405,7
98406,7
98407,7
98409,7
98416,7
98421,7
98422,7
98424,7
98443,7
98465,7
98466,7
94002,8
94005,8
94010,8
94014,8
94015,8
94019,8
94022,8
94024,8
94025,8
94027,8
94028,8
94030,8
94037,8
94038,8
94040,8
94041,8
94043,8
94044,8
94061,8
94062,8
94063,8
94065,8
94066,8
94070,8
94080,8
94085,8
94086,8
94087,8
94089,8
94102,8
94103,8
94104,8
94105,8
94107,8
94108,8
94109,8
94110,8
94111,8
94112,8
94114,8
94115,8
94116,8
94117,8
94118,8
94121,8
94122,8
94123,8
94124,8
94127,8
94128,8
94129,8
94131,8
94132,8
94133,8
94134,8
94143,8
94158,8
94301,8
94303,8
94304,8
94305,8
94306,8
94401,8
94402,8
94403,8
94404,8
94501,8
94502,8
94503,8
94505,7
94506,8
94507,8
94509,7
94510,8
94513,7
94514,7
94516,8
94517,8
94518,8
94519,8
94520,8
94521,8
94523,8
94525,8
94526,8
94528,8
94530,8
94531,7
94533,8
94534,8
94536,8
94538,8
94539,8
94541,8
94542,8
94544,8
94545,8
94546,8
94547,8
94548,7
94549,8
94550,8
94551,8
94552,8
94553,8
94555,8
94556,8
94560,8
94561,7
94563,8
94564,8
94565,8
94566,8
94568,8
94569,8
94572,8
94575,8
94577,8
94578,8
94579,8
94580,8
94582,8
94583,8
94585,8
94586,8
94587,8
94588,8
94589,8
94590,8
94591,8
94595,8
94596,8
94597,8
94598,8
94601,8
94602,8
94603,8
94605,8
94606,8
94607,8
94608,8
94609,8
94610,8
94611,8
94612,8
94613,8
94615,8
94617,8
94618,8
94619,8
94621,8
94702,8
94703,8
94704,8
94705,8
94706,8
94707,8
94708,8
94709,8
94710,8
94720,8
94801,8
94803,8
94804,8
94805,8
94806,8
94850,8
95002,8
95003,8
95005,8
95008,8
95010,8
95014,8
95018,8
95030,8
95032,8
95035,8
95050,8
95051,8
95053,8
95054,8
95060,8
95062,8
95064,8
95065,8
95066,8
95070,8
95073,8
95101,8
95110,8
95111,8
95112,8
95113,8
95116,8
95117,8
95118,8
95119,8
95120,8
95121,8
95122,8
95123,8
95124,8
95125,8
95126,8
95127,8
95128,8
95129,8
95130,8
95131,8
95132,8
95133,8
95134,8
95135,8
95136,8
95138,8
95139,8
95148,8
95304,7
95376,7
95377,7
95391,7
95687,7
95688,8
00901,8
00907,8
00909,8
00911,8
00912,8
00913,8
00915,8
00917,8
00918,8
00920,8
00921,8
00923,8
00924,8
00925,8
00926,8
00927,8
00934,8
00949,8
00952,8
00956,8
00957,8
00959,8
00960,8
00961,8
00962,8
00965,8
00966,8
00968,8
00969,8
00971,8
00976,8
00979,8
00982,8
00983,8
00985,8
00987,8
62001,3
62002,3
62010,3
62018,3
62021,3
62022,3
62024,3
62025,3
62026,3
62028,3
62034,3
62035,3
62037,3
62040,3
62046,3
62048,3
62059,3
62060,3
62062,3
62071,3
62084,3
62087,3
62090,3
62095,3
62201,3
62203,3
62204,3
62205,3
62206,3
62207,3
62208,3
62220,3
62221,3
62223,3
62225,3
62226,3
62232,3
62234,3
62236,3
62239,3
62240,3
62243,3
62249,3
62258,3
62260,3
62264,3
62269,3
62293,3
62294,3
63005,3
63010,3
63011,3
63012,3
63017,3
63021,3
63025,3
63026,3
63031,3
63032,3
63033,3
63034,3
63038,3
63040,3
63042,3
63043,3
63044,3
63045,3
63048,3
63049,3
63051,3
63052,3
63069,3
63070,3
63073,3
63074,3
63088,3
63099,3
63101,3
63102,3
63103,3
63104,3
63105,3
63106,3
63107,3
63108,3
63109,3
63110,3
63111,3
63112,3
63113,3
63114,3
63115,3
63116,3
63117,3
63118,3
63119,3
63120,3
63121,3
63122,3
63123,3
63124,3
63125,3
63126,3
63127,3
63128,3
63129,3
63130,3
63131,3
63132,3
63133,3
63134,3
63135,3
63136,3
63137,3
63138,3
63139,3
63140,3
63141,3
63143,3
63144,3
63145,3
63146,3
63147,3
63164,3
63167,3
63301,3
63303,3
63304,3
63341,3
63347,3
63366,3
63367,3
63368,3
63376,3
63385,3
33503,6
33510,6
33511,6
33523,5
33525,5
33527,6
33534,6
33540,6
33541,6
33542,6
33543,6
33544,6
33545,6
33547,6
33548,6
33549,6
33556,6
33558,6
33559,6
33563,6
33565,6
33566,6
33567,6
33569,6
33570,6
33572,6
33573,6
33576,5
33578,6
33579,6
33584,6
33592,6
33594,6
33596,6
33598,6
33602,6
33603,6
33604,6
33605,6
33606,6
33607,6
33609,6
33610,6
33611,6
33612,6
33613,6
33614,6
33615,6
33616,6
33617,6
33618,6
33619,6
33620,6
33621,6
33624,6
33625,6
33626,6
33629,6
33634,6
33635,6
33637,6
33647,6
33701,6
33702,6
33703,6
33704,6
33705,6
33706,6
33707,6
33708,6
33709,6
33710,6
33711,6
33712,6
33713,6
33714,6
33715,6
33716,6
33755,6
33756,6
33759,6
33760,6
33761,6
33762,6
33763,6
33764,6
33765,6
33767,6
33770,6
33771,6
33772,6
33773,6
33774,6
33776,6
33777,6
33778,6
33781,6
33782,6
33785,6
33786,6
33801,6
33803,6
33805,6
33809,6
33810,6
33811,6
33812,6
33813,6
33815,6
33830,6
33841,6
33860,6
33873,6
34201,6
34202,6
34203,6
34205,6
34207,6
34208,6
34209,6
34210,6
34211,6
34212,6
34215,6
34216,6
34217,6
34219,6
34221,6
34222,6
34228,6
34231,6
34232,6
34233,6
34234,6
34235,6
34236,6
34237,6
34238,6
34239,6
34240,6
34241,6
34242,6
34243,6
34604,5
34606,5
34607,5
34608,5
34609,5
34613,5
34637,5
34638,5
34639,5
34652,5
34653,5
34654,5
34655,5
34667,5
34668,5
34669,5
34677,6
34683,6
34684,6
34685,6
34688,6
34689,6
34690,5
34691,5
34695,6
34698,6
74003,4
74006,4
74008,4
74011,4
74012,4
74014,4
74015,4
74017,4
74019,4
74021,4
74033,4
74036,4
74037,4
74041,5
74044,5
74047,5
74050,4
74053,4
74055,4
74063,4
74066,5
74070,4
74073,4
74101,4
74102,4
74103,4
74104,4
74105,4
74106,4
74107,4
74108,4
74110,4
74112,4
74114,4
74115,4
74116,4
74117,4
74119,4
74120,4
74121,4
74126,4
74127,4
74128,4
74129,4
74130,4
74131,4
74132,4
74133,4
74134,4
74135,4
74136,4
74137,4
74141,4
74145,4
74146,4
74147,4
74148,4
74149,4
74150,4
74152,4
74153,4
74155,4
74156,4
74157,4
74158,4
74159,4
74169,4
74170,4
74171,4
74172,4
74182,4
74183,4
74184,4
74186,4
74187,4
74189,4
74192,4
74193,4
74194,4
74361,4
74401,4
74403,4
74429,4
74467,4
71009,5
71033,5
71101,5
71102,5
71103,5
71104,5
71105,5
71106,5
71107,5
71108,5
71109,5
71110,5
71111,5
71112,5
71113,5
71115,5
71118,5
71119,5
71120,5
71129,5
71130,5
71133,5
71134,5
71135,5
71136,5
71137,5
71138,5
71148,5
71149,5
71150,5
71151,5
71152,5
71153,5
71154,5
71156,5
71161,5
71162,5
71163,5
71164,5
71165,5
71166,5
71171,5
71172,5
75601,5
75602,5
75603,5
75604,5
75605,5
75606,5
75607,5
75608,5
75615,5
75662,5
75663,5
75666,5
75693,5
75701,5
75702,5
75703,5
75704,5
75705,5
75706,5
75707,5
75708,5
75709,5
75710,5
75711,5
75712,5
75713,5
75762,5
75771,5
75791,5
37354,4
37701,4
37705,4
37709,4
37716,4
37719,4
37721,4
37725,4
37737,4
37738,4
37742,4
37748,4
37754,4
37757,4
37760,4
37763,4
37764,4
37769,4
37771,4
37772,4
37774,4
37777,4
37801,4
37803,4
37804,4
37806,4
37807,4
37813,4
37814,4
37815,4
37816,4
37820,4
37821,4
37825,4
37828,4
37830,4
37840,4
37846,4
37849,4
37853,4
37861,4
37862,4
37863,4
37865,4
37871,4
37874,4
37876,4
37877,4
37885,4
37886,4
37890,4
37902,4
37909,4
37912,4
37914,4
37915,4
37916,4
37917,4
37918,4
37919,4
37920,4
37921,4
37922,4
37923,4
37924,4
37931,4
37932,4
37934,4
37938,4
37996,4
37998,4
72701,4
72703,4
72704,4
72712,4
72713,4
72718,4
72719,4
72745,4
72756,4
72758,4
72762,4
72764,4
